file,timestamp_raw,timestamp,timestamp_serie,delta_t,velocity,length,total_length,first_peak_raw,video,timestamp_video,train_class,train_type
ADTC_8_adz_raw_20260304_1430,2026-03-04 14:23:16.387,2026-03-04 14:23:26.094,"[Timestamp('2026-03-04 14:23:26.094000'), Timestamp('2026-03-04 14:23:26.470000'), Timestamp('2026-03-04 14:23:26.607000'), Timestamp('2026-03-04 14:23:27.006000'), Timestamp('2026-03-04 14:23:27.145000'), Timestamp('2026-03-04 14:23:27.396000'), Timestamp('2026-03-04 14:23:27.527000'), Timestamp('2026-03-04 14:23:28.465000'), Timestamp('2026-03-04 14:23:28.596000'), Timestamp('2026-03-04 14:23:28.835000'), Timestamp('2026-03-04 14:23:28.976000'), Timestamp('2026-03-04 14:23:29.952000'), Timestamp('2026-03-04 14:23:30.085000'), Timestamp('2026-03-04 14:23:30.342000'), Timestamp('2026-03-04 14:23:30.488000'), Timestamp('2026-03-04 14:23:31.519000'), Timestamp('2026-03-04 14:23:31.660000')]","[0.376, 0.137, 0.399, 0.139, 0.251, 0.131, 0.938, 0.131, 0.239, 0.141, 0.976, 0.133, 0.257, 0.146, 1.031, 0.141]","[19.61236039465117, 19.752835790595576, 19.422555014223587, 19.220779220779217, 19.154472321023604, 19.13633926975996, 18.687228273218913, 18.635517183003216, 18.393839383938392, 18.394375588471274, 17.848363485706393, 17.651230169718172, 17.621050506410043, 17.48231853758262, 16.867826730840427, 16.675404501491457]","[7.37424750838884, 2.706138503311594, 7.749599450675212, 2.6716883116883117, 4.807772552576925, 2.506860444338555, 17.52862012027934, 2.4412527509734216, 4.396127612761275, 2.5936069579744494, 17.42000276204944, 2.347613612572517, 4.528609980147381, 2.5524185064870624, 17.39072935949648, 2.351232034710295]",101.36652046843108,9.959471295879334,c:\git\RailwAI\VIDEO\20260304\ADTC Rueschlikon_00_20260304142327.mp4,2026-03-04 14:23:27,DPZ,Lok
ADTC_8_adz_raw_20260304_1440,2026-03-04 14:37:24.352,2026-03-04 14:37:34.398,"[Timestamp('2026-03-04 14:37:34.398000'), Timestamp('2026-03-04 14:37:34.503000'), Timestamp('2026-03-04 14:37:35.205000'), Timestamp('2026-03-04 14:37:35.310000'), Timestamp('2026-03-04 14:37:35.509000'), Timestamp('2026-03-04 14:37:35.619000'), Timestamp('2026-03-04 14:37:36.352000'), Timestamp('2026-03-04 14:37:36.466000'), Timestamp('2026-03-04 14:37:36.676000'), Timestamp('2026-03-04 14:37:36.798000'), Timestamp('2026-03-04 14:37:37.583000'), Timestamp('2026-03-04 14:37:37.697000'), Timestamp('2026-03-04 14:37:37.924000'), Timestamp('2026-03-04 14:37:38.052000'), Timestamp('2026-03-04 14:37:38.890000'), Timestamp('2026-03-04 14:37:39.015000')]","[0.105, 0.702, 0.105, 0.199, 0.11, 0.733, 0.114, 0.21, 0.122, 0.785, 0.114, 0.227, 0.128, 0.838, 0.125]","[22.776089159067883, 22.74894290864372, 22.018811943690427, 22.325702140087287, 21.998005144627015, 21.918836500117287, 21.19215625121828, 21.200421200421204, 20.692057917694438, 20.60095323616771, 19.594774726739537, 19.713273739247768, 19.395205890395857, 19.336308316430017, 18.426171529619804, 18.514964179704066]","[2.391489361702128, 15.96975792186789, 2.3119752540874945, 4.44281472587737, 2.4197805659089715, 16.06650715458597, 2.4159058126388837, 4.452088452088453, 2.5244310659587215, 16.171748290391655, 2.2338043188483074, 4.474913138809243, 2.4825863539706696, 16.203826369168354, 2.3032714412024755]",96.8649002271066,9.934482690366382,c:\git\RailwAI\VIDEO\20260304\ADTC Rueschlikon_00_20260304143735.mp4,2026-03-04 14:37:35,DTZ,Trieb
ADTC_8_adz_raw_20260304_1500,2026-03-04 14:54:10.352,2026-03-04 14:54:20.401,"[Timestamp('2026-03-04 14:54:20.401000'), Timestamp('2026-03-04 14:54:20.518000'), Timestamp('2026-03-04 14:54:21.298000'), Timestamp('2026-03-04 14:54:21.419000'), Timestamp('2026-03-04 14:54:21.646000'), Timestamp('2026-03-04 14:54:21.771000'), Timestamp('2026-03-04 14:54:22.584000'), Timestamp('2026-03-04 14:54:22.711000'), Timestamp('2026-03-04 14:54:22.955000'), Timestamp('2026-03-04 14:54:23.076000'), Timestamp('2026-03-04 14:54:23.952000'), Timestamp('2026-03-04 14:54:24.091000'), Timestamp('2026-03-04 14:54:24.346000'), Timestamp('2026-03-04 14:54:24.490000'), Timestamp('2026-03-04 14:54:25.433000'), Timestamp('2026-03-04 14:54:25.575000')]","[0.117, 0.78, 0.121, 0.227, 0.125, 0.813, 0.127, 0.244, 0.121, 0.876, 0.139, 0.255, 0.144, 0.943, 0.142]","[20.645256770756255, 20.494873547505122, 19.836827746967735, 19.6997886903008, 19.67510541434979, 19.591429165799873, 18.679588128407026, 18.44574260931138, 18.173424801657596, 18.036581235181213, 17.56019261637239, 17.171355498721226, 16.85843568196509, 17.096506613815244, 15.840249216441542, 15.843265306122447]","[2.415495042178482, 15.986001367053996, 2.400256157383096, 4.471852032698282, 2.459388176793724, 15.927831911795296, 2.3723076923076922, 4.500761196671977, 2.198984401000569, 15.800045162018742, 2.4408667736757623, 4.378695652173913, 2.4276147382029727, 16.122005736827774, 2.249315388734699]",96.151421429517,9.92641782994453,c:\git\RailwAI\VIDEO\20260304\ADTC Rueschlikon_00_20260304145421.mp4,2026-03-04 14:54:21,DTZ,Trieb
ADTC_8_adz_raw_20260304_1510,2026-03-04 15:07:10.432,2026-03-04 15:07:20.484,"[Timestamp('2026-03-04 15:07:20.484000'), Timestamp('2026-03-04 15:07:20.590000'), Timestamp('2026-03-04 15:07:21.340000'), Timestamp('2026-03-04 15:07:21.452000'), Timestamp('2026-03-04 15:07:21.667000'), Timestamp('2026-03-04 15:07:21.784000'), Timestamp('2026-03-04 15:07:22.559000'), Timestamp('2026-03-04 15:07:22.673000'), Timestamp('2026-03-04 15:07:22.898000'), Timestamp('2026-03-04 15:07:23.019000'), Timestamp('2026-03-04 15:07:23.818000'), Timestamp('2026-03-04 15:07:23.940000'), Timestamp('2026-03-04 15:07:24.173000'), Timestamp('2026-03-04 15:07:24.299000'), Timestamp('2026-03-04 15:07:25.140000'), Timestamp('2026-03-04 15:07:25.268000')]","[0.106, 0.75, 0.112, 0.215, 0.117, 0.775, 0.114, 0.225, 0.121, 0.799, 0.122, 0.233, 0.126, 0.841, 0.128]","[21.793416572077184, 21.50055991041433, 21.02957283680175, 20.892274211099018, 21.05263157894737, 20.915032679738562, 20.38216560509554, 20.168067226890756, 19.753086419753085, 20.0, 19.335347432024168, 19.2964824120603, 19.12350597609562, 19.00990099009901, 18.3206106870229, 18.199052132701418]","[2.3101021566401814, 16.12541993281075, 2.355312157721796, 4.491838955386289, 2.463157894736842, 16.209150326797385, 2.3235668789808916, 4.53781512605042, 2.390123456790123, 15.98, 2.3589123867069484, 4.49608040201005, 2.409561752988048, 15.987326732673266, 2.345038167938931]",96.78340632823192,9.927188741269674,c:\git\RailwAI\VIDEO\20260304\ADTC Rueschlikon_00_20260304150721.mp4,2026-03-04 15:07:21,DTZ,Trieb
ADTC_8_adz_raw_20260304_1530,2026-03-04 15:23:08.365,2026-03-04 15:23:18.458,"[Timestamp('2026-03-04 15:23:18.458000'), Timestamp('2026-03-04 15:23:18.576000'), Timestamp('2026-03-04 15:23:18.928000'), Timestamp('2026-03-04 15:23:19.044000'), Timestamp('2026-03-04 15:23:19.272000'), Timestamp('2026-03-04 15:23:19.380000'), Timestamp('2026-03-04 15:23:20.205000'), Timestamp('2026-03-04 15:23:20.317000'), Timestamp('2026-03-04 15:23:20.528000'), Timestamp('2026-03-04 15:23:20.645000'), Timestamp('2026-03-04 15:23:21.502000'), Timestamp('2026-03-04 15:23:21.619000'), Timestamp('2026-03-04 15:23:21.839000'), Timestamp('2026-03-04 15:23:21.965000'), Timestamp('2026-03-04 15:23:22.868000'), Timestamp('2026-03-04 15:23:22.994000')]","[0.118, 0.352, 0.116, 0.228, 0.108, 0.825, 0.112, 0.211, 0.117, 0.857, 0.117, 0.22, 0.126, 0.903, 0.126]","[22.38200048911714, 22.253021756647865, 22.228058421546294, 22.17385738061708, 21.967963386727686, 21.847782184985345, 21.173037642252698, 21.26269315673289, 21.029598065184842, 21.011494252873565, 20.318575191270536, 20.253975884308772, 20.001388985346203, 19.965409892770666, 19.2000768003072, 19.16442531827147]","[2.6410760577158223, 7.833063658340048, 2.5784547768993704, 5.055639482780694, 2.37254004576659, 18.02442030261291, 2.371380215932302, 4.486428256070639, 2.4604629736266266, 18.006850574712644, 2.377273297378653, 4.45587469454793, 2.5201750121536217, 18.028765133171913, 2.4192096768387072]",95.63161415854847,9.975503969227605,c:\git\RailwAI\VIDEO\20260304\ADTC Rueschlikon_00_20260304152314.mp4,2026-03-04 15:23:14,DPZ,Lok
ADTC_8_adz_raw_20260304_1540,2026-03-04 15:38:22.554,2026-03-04 15:38:32.598,"[Timestamp('2026-03-04 15:38:32.598000'), Timestamp('2026-03-04 15:38:32.706000'), Timestamp('2026-03-04 15:38:33.447000'), Timestamp('2026-03-04 15:38:33.560000'), Timestamp('2026-03-04 15:38:33.772000'), Timestamp('2026-03-04 15:38:33.889000'), Timestamp('2026-03-04 15:38:34.651000'), Timestamp('2026-03-04 15:38:34.767000'), Timestamp('2026-03-04 15:38:34.984000'), Timestamp('2026-03-04 15:38:35.102000'), Timestamp('2026-03-04 15:38:35.889000'), Timestamp('2026-03-04 15:38:36.010000'), Timestamp('2026-03-04 15:38:36.235000'), Timestamp('2026-03-04 15:38:36.360000'), Timestamp('2026-03-04 15:38:37.178000'), Timestamp('2026-03-04 15:38:37.303000'), Timestamp('2026-03-04 15:38:37.542000'), Timestamp('2026-03-04 15:38:37.669000'), Timestamp('2026-03-04 15:38:38.530000'), Timestamp('2026-03-04 15:38:38.660000'), Timestamp('2026-03-04 15:38:38.912000'), Timestamp('2026-03-04 15:38:39.052000'), Timestamp('2026-03-04 15:38:39.957000'), Timestamp('2026-03-04 15:38:40.098000'), Timestamp('2026-03-04 15:38:40.364000'), Timestamp('2026-03-04 15:38:40.516000'), Timestamp('2026-03-04 15:38:41.488000'), Timestamp('2026-03-04 15:38:41.633000'), Timestamp('2026-03-04 15:38:41.926000'), Timestamp('2026-03-04 15:38:42.086000'), Timestamp('2026-03-04 15:38:43.140000'), Timestamp('2026-03-04 15:38:43.296000')]","[0.108, 0.741, 0.113, 0.212, 0.117, 0.762, 0.116, 0.217, 0.118, 0.787, 0.121, 0.225, 0.125, 0.818, 0.125, 0.239, 0.127, 0.861, 0.13, 0.252, 0.14, 0.905, 0.141, 0.266, 0.152, 0.972, 0.145, 0.293, 0.16, 1.054, 0.156]","[21.10909749909387, 21.338496722663752, 20.91989821109803, 21.035250748790414, 20.711998212556786, 20.658919571827226, 20.346380605559865, 20.343457471883625, 20.125874617629478, 20.17242977658292, 19.67419651518778, 19.782682512733444, 19.521953517977373, 19.40185771154435, 18.908188585607938, 18.957759877732116, 18.534545413885258, 18.646471351416587, 17.944928356550633, 18.046706878822896, 17.664504421543, 17.570581734150508, 16.916627852817886, 16.888124222526162, 16.72478943774186, 16.40371920362815, 15.843137254901958, 15.907218872524792, 15.46218487394958, 15.316615137982364, 14.552002278343792, 14.623416399832939]","[2.279782529902138, 15.81182607149384, 2.3639484978540772, 4.459473158743568, 2.423303790869144, 15.742096713732346, 2.3601801502449447, 4.414530271398746, 2.3748532048802784, 15.875702234170758, 2.3805777783377216, 4.451103565365025, 2.4402441897471716, 15.870719608043276, 2.3635235732009923, 4.530904610777975, 2.3538872675634277, 16.05461183356968, 2.3328406863515823, 4.54777013346337, 2.4730306190160203, 15.90137646940621, 2.3852445272473215, 4.492241043191959, 2.542167994536763, 15.944415065926561, 2.2972549019607835, 4.660815129649764, 2.473949579831933, 16.14371235543341, 2.270112355421632]",197.01619991133245,9.917612096222106,c:\git\RailwAI\VIDEO\20260304\ADTC Rueschlikon_00_20260304153833.mp4,2026-03-04 15:38:33,DTZ x2,Trieb
ADTC_8_adz_raw_20260304_1600,2026-03-04 15:53:25.203,2026-03-04 15:53:35.240,"[Timestamp('2026-03-04 15:53:35.240000'), Timestamp('2026-03-04 15:53:35.371000'), Timestamp('2026-03-04 15:53:36.251000'), Timestamp('2026-03-04 15:53:36.386000'), Timestamp('2026-03-04 15:53:36.640000'), Timestamp('2026-03-04 15:53:36.782000'), Timestamp('2026-03-04 15:53:37.697000'), Timestamp('2026-03-04 15:53:37.838000'), Timestamp('2026-03-04 15:53:38.104000'), Timestamp('2026-03-04 15:53:38.254000'), Timestamp('2026-03-04 15:53:39.209000'), Timestamp('2026-03-04 15:53:39.357000'), Timestamp('2026-03-04 15:53:39.635000'), Timestamp('2026-03-04 15:53:39.796000'), Timestamp('2026-03-04 15:53:40.806000'), Timestamp('2026-03-04 15:53:40.958000')]","[0.131, 0.88, 0.135, 0.254, 0.142, 0.915, 0.141, 0.266, 0.15, 0.955, 0.148, 0.278, 0.161, 1.01, 0.152]","[17.906724131889693, 18.017904381492965, 17.386439551253993, 17.396939693969397, 17.27655713267224, 17.420632202466575, 16.53553679420394, 16.61885637789252, 16.5568117463226, 16.797874996615757, 15.711635590581034, 15.789473684210524, 15.515243452794806, 16.000436693141186, 14.880452514020407, 14.860965121834688]","[2.3457808612775497, 15.85575585571381, 2.347169339419289, 4.418822682268227, 2.453271112839458, 15.939878465256916, 2.331510687982755, 4.42061579651941, 2.4835217619483902, 16.041970621768048, 2.325322067405993, 4.389473684210526, 2.497954195899964, 16.160441060072596, 2.2618287821311016]",96.27331697471404,9.895603020419388,c:\git\RailwAI\VIDEO\20260304\ADTC Rueschlikon_00_20260304155336.mp4,2026-03-04 15:53:36,DTZ,Trieb
ADTC_8_adz_raw_20260304_1610,2026-03-04 16:07:50.054,2026-03-04 16:08:00.102,"[Timestamp('2026-03-04 16:08:00.102000'), Timestamp('2026-03-04 16:08:00.213000'), Timestamp('2026-03-04 16:08:00.972000'), Timestamp('2026-03-04 16:08:01.084000'), Timestamp('2026-03-04 16:08:01.304000'), Timestamp('2026-03-04 16:08:01.425000'), Timestamp('2026-03-04 16:08:02.214000'), Timestamp('2026-03-04 16:08:02.327000'), Timestamp('2026-03-04 16:08:02.559000'), Timestamp('2026-03-04 16:08:02.685000'), Timestamp('2026-03-04 16:08:03.507000'), Timestamp('2026-03-04 16:08:03.637000'), Timestamp('2026-03-04 16:08:03.879000'), Timestamp('2026-03-04 16:08:04.011000'), Timestamp('2026-03-04 16:08:04.882000'), Timestamp('2026-03-04 16:08:05.014000'), Timestamp('2026-03-04 16:08:05.275000'), Timestamp('2026-03-04 16:08:05.415000'), Timestamp('2026-03-04 16:08:06.350000'), Timestamp('2026-03-04 16:08:06.493000'), Timestamp('2026-03-04 16:08:06.771000'), Timestamp('2026-03-04 16:08:06.926000'), Timestamp('2026-03-04 16:08:07.936000'), Timestamp('2026-03-04 16:08:08.094000'), Timestamp('2026-03-04 16:08:08.394000'), Timestamp('2026-03-04 16:08:08.567000'), Timestamp('2026-03-04 16:08:09.684000'), Timestamp('2026-03-04 16:08:09.856000'), Timestamp('2026-03-04 16:08:10.191000'), Timestamp('2026-03-04 16:08:10.379000'), Timestamp('2026-03-04 16:08:11.623000'), Timestamp('2026-03-04 16:08:11.813000'), Timestamp('2026-03-04 16:08:12.188000'), Timestamp('2026-03-04 16:08:12.396000'), Timestamp('2026-03-04 16:08:13.772000'), Timestamp('2026-03-04 16:08:13.993000'), Timestamp('2026-03-04 16:08:14.414000'), Timestamp('2026-03-04 16:08:14.653000'), Timestamp('2026-03-04 16:08:16.181000'), Timestamp('2026-03-04 16:08:16.422000'), Timestamp('2026-03-04 16:08:16.892000'), Timestamp('2026-03-04 16:08:17.140000'), Timestamp('2026-03-04 16:08:18.868000'), Timestamp('2026-03-04 16:08:19.151000'), Timestamp('2026-03-04 16:08:19.667000'), Timestamp('2026-03-04 16:08:19.953000'), Timestamp('2026-03-04 16:08:21.202000'), Timestamp('2026-03-04 16:08:21.863000'), Timestamp('2026-03-04 16:08:22.171000')]","[0.111, 0.759, 0.112, 0.22, 0.121, 0.789, 0.113, 0.232, 0.126, 0.822, 0.13, 0.242, 0.132, 0.871, 0.132, 0.261, 0.14, 0.935, 0.143, 0.278, 0.155, 1.01, 0.158, 0.3, 0.173, 1.117, 0.172, 0.335, 0.188, 1.244, 0.19, 0.375, 0.208, 1.376, 0.221, 0.421, 0.239, 1.528, 0.241, 0.47, 0.248, 1.728, 0.283, 0.516, 0.286, 1.249, 0.661, 0.308]","[nan, nan, nan, nan, nan, nan, nan, nan, nan, nan, nan, nan, nan, nan, nan, nan, nan, nan, nan, nan, nan, nan, nan, nan, nan, nan, nan, nan, nan, nan, nan, nan, nan, nan, nan, nan, nan, nan, nan, nan, nan, nan, nan, nan, nan, nan, nan, nan, nan]","[nan, nan, nan, nan, nan, nan, nan, nan, nan, nan, nan, nan, nan, nan, nan, nan, nan, nan, nan, nan, nan, nan, nan, nan, nan, nan, nan, nan, nan, nan, nan, nan, nan, nan, nan, nan, nan, nan, nan, nan, nan, nan, nan, nan, nan, nan, nan, nan]",,9.922480006647964,c:\git\RailwAI\VIDEO\20260304\ADTC Rueschlikon_00_20260304160801.mp4,2026-03-04 16:08:01,DTZ x3,Trieb
ADTC_8_adz_raw_20260304_1630,2026-03-04 16:24:42.944,2026-03-04 16:24:53.027,"[Timestamp('2026-03-04 16:24:53.027000'), Timestamp('2026-03-04 16:24:53.150000'), Timestamp('2026-03-04 16:24:53.490000'), Timestamp('2026-03-04 16:24:53.610000'), Timestamp('2026-03-04 16:24:53.830000'), Timestamp('2026-03-04 16:24:53.944000'), Timestamp('2026-03-04 16:24:54.746000'), Timestamp('2026-03-04 16:24:54.857000'), Timestamp('2026-03-04 16:24:55.068000'), Timestamp('2026-03-04 16:24:55.175000'), Timestamp('2026-03-04 16:24:56.009000'), Timestamp('2026-03-04 16:24:56.124000'), Timestamp('2026-03-04 16:24:56.336000'), Timestamp('2026-03-04 16:24:56.453000'), Timestamp('2026-03-04 16:24:57.312000'), Timestamp('2026-03-04 16:24:57.430000'), Timestamp('2026-03-04 16:24:57.684000'), Timestamp('2026-03-04 16:24:57.817000'), Timestamp('2026-03-04 16:24:58.205000'), Timestamp('2026-03-04 16:24:58.339000'), Timestamp('2026-03-04 16:24:58.586000'), Timestamp('2026-03-04 16:24:58.716000'), Timestamp('2026-03-04 16:24:59.639000'), Timestamp('2026-03-04 16:24:59.767000'), Timestamp('2026-03-04 16:25:00.006000'), Timestamp('2026-03-04 16:25:00.142000'), Timestamp('2026-03-04 16:25:01.116000'), Timestamp('2026-03-04 16:25:01.249000'), Timestamp('2026-03-04 16:25:01.506000'), Timestamp('2026-03-04 16:25:01.654000'), Timestamp('2026-03-04 16:25:02.691000'), Timestamp('2026-03-04 16:25:02.836000')]","[0.123, 0.34, 0.12, 0.22, 0.114, 0.802, 0.111, 0.211, 0.107, 0.834, 0.115, 0.212, 0.117, 0.859, 0.118, 0.254, 0.133, 0.388, 0.134, 0.247, 0.13, 0.923, 0.128, 0.239, 0.136, 0.974, 0.133, 0.257, 0.148, 1.037, 0.145]","[22.32606438213915, 22.35523747560182, 22.095795060865143, 22.17279288217503, 22.02402563576378, 22.056449485623844, 21.67142274765593, 21.550151669370848, 21.598639455782312, 21.278768360694365, 20.983631620689323, 20.826744974023043, 20.75872193598459, 20.713155199702072, 20.253975884308772, 20.04734563622333, 19.977848539388066, 19.827531140210795, 19.67617967617967, 19.59314240015994, 19.415950920245397, 19.38036240496231, 18.60716700473293, 18.5720700493938, 18.410484974184723, 18.264074582640745, 17.649205812774582, 17.281742173828505, 17.316963675755858, 17.05277069763051, 16.439561212910263, 16.217882132706286]","[2.7461059190031154, 7.60078074170462, 2.651495407303817, 4.878014434078507, 2.510738922477071, 17.689272487470323, 2.4055279249898085, 4.547082002237249, 2.3110544217687075, 17.7464928128191, 2.413117636379272, 4.415269934492885, 2.4287704665101972, 17.79260031654408, 2.389969154348435, 5.092025791600726, 2.657053855738613, 7.693082082401789, 2.636608076608076, 4.8395061728395055, 2.524073619631902, 17.888074499780213, 2.381717376605815, 4.438724741805118, 2.5038259564891225, 17.789208643492085, 2.3473443730990193, 4.4414077386739255, 2.5629106240118666, 17.68372321344284, 2.383736375871988]",194.38931572421976,9.970668684740296,c:\git\RailwAI\VIDEO\20260304\ADTC Rueschlikon_00_20260304162453.mp4,2026-03-04 16:24:53,DPZ x2,Lok
ADTC_8_adz_raw_20260304_1640,2026-03-04 16:37:13.626,2026-03-04 16:37:23.674,"[Timestamp('2026-03-04 16:37:23.674000'), Timestamp('2026-03-04 16:37:23.778000'), Timestamp('2026-03-04 16:37:24.523000'), Timestamp('2026-03-04 16:37:24.637000'), Timestamp('2026-03-04 16:37:24.852000'), Timestamp('2026-03-04 16:37:24.966000'), Timestamp('2026-03-04 16:37:25.756000'), Timestamp('2026-03-04 16:37:25.766000'), Timestamp('2026-03-04 16:37:25.875000'), Timestamp('2026-03-04 16:37:26.099000'), Timestamp('2026-03-04 16:37:26.226000'), Timestamp('2026-03-04 16:37:27.061000'), Timestamp('2026-03-04 16:37:27.185000'), Timestamp('2026-03-04 16:37:27.424000'), Timestamp('2026-03-04 16:37:27.555000'), Timestamp('2026-03-04 16:37:28.425000'), Timestamp('2026-03-04 16:37:28.558000'), Timestamp('2026-03-04 16:37:28.813000'), Timestamp('2026-03-04 16:37:28.954000'), Timestamp('2026-03-04 16:37:29.870000'), Timestamp('2026-03-04 16:37:30.008000'), Timestamp('2026-03-04 16:37:30.275000'), Timestamp('2026-03-04 16:37:30.422000'), Timestamp('2026-03-04 16:37:31.395000'), Timestamp('2026-03-04 16:37:31.546000'), Timestamp('2026-03-04 16:37:31.832000'), Timestamp('2026-03-04 16:37:31.987000'), Timestamp('2026-03-04 16:37:33.006000'), Timestamp('2026-03-04 16:37:33.161000'), Timestamp('2026-03-04 16:37:33.460000'), Timestamp('2026-03-04 16:37:33.625000'), Timestamp('2026-03-04 16:37:34.704000'), Timestamp('2026-03-04 16:37:34.878000')]","[0.104, 0.745, 0.114, 0.215, 0.114, 0.79, 0.01, 0.109, 0.224, 0.127, 0.835, 0.124, 0.239, 0.131, 0.87, 0.133, 0.255, 0.141, 0.916, 0.138, 0.267, 0.147, 0.973, 0.151, 0.286, 0.155, 1.019, 0.155, 0.299, 0.165, 1.079, 0.174]","[21.771506150491632, 21.769155221440066, 20.735211793245007, 20.689655172413794, 20.469455393554192, 20.213751557035135, 19.79389858177737, 19.64011530367624, 19.553962564715253, 19.493148484511497, 18.4294304916873, 18.714514899475475, 18.188342351911125, 18.147448015122876, 17.552386077620643, 17.55121276233067, 17.32857631591809, 17.146356399265155, 16.757193121411056, 16.580756013745702, 16.32671950020246, 16.392993580459887, 15.739777611133958, 15.771881786422433, 15.509532944446619, 15.459578606158832, 14.930340557275542, 15.071980834686851, 14.8840429214261, 14.817673162261237, 13.973917557445995, 13.994288045695635]","[2.2642366396511298, 16.21802063997285, 2.3638141444299308, 4.448275862068965, 2.333517914865178, 15.968863730057757, 0.1979389858177737, 2.14077256810071, 4.380087614496217, 2.4756298575329603, 15.388574460558894, 2.3205998475349587, 4.347013822106758, 2.377315689981097, 15.27057588752996, 2.3343112973899793, 4.418786960559113, 2.417636252296387, 15.349588899212527, 2.288144329896907, 4.359234106554058, 2.4097700563276034, 15.314803615633341, 2.381554149749787, 4.435726422111733, 2.396234683954619, 15.214017027863775, 2.3361570293764617, 4.450328833506404, 2.444916071773104, 15.077857044484228, 2.43500611995104]",192.55931056534615,9.924878374982937,c:\git\RailwAI\VIDEO\20260304\ADTC Rueschlikon_00_20260304163728.mp4,2026-03-04 16:37:28,DTZ x2,Trieb
ADTC_8_adz_raw_20260304_1700,2026-03-04 16:53:44.083,2026-03-04 16:53:54.127,"[Timestamp('2026-03-04 16:53:54.127000'), Timestamp('2026-03-04 16:53:54.231000'), Timestamp('2026-03-04 16:53:54.933000'), Timestamp('2026-03-04 16:53:55.040000'), Timestamp('2026-03-04 16:53:55.238000'), Timestamp('2026-03-04 16:53:55.350000'), Timestamp('2026-03-04 16:53:56.076000'), Timestamp('2026-03-04 16:53:56.185000'), Timestamp('2026-03-04 16:53:56.392000'), Timestamp('2026-03-04 16:53:56.505000'), Timestamp('2026-03-04 16:53:57.255000'), Timestamp('2026-03-04 16:53:57.371000'), Timestamp('2026-03-04 16:53:57.588000'), Timestamp('2026-03-04 16:53:57.707000'), Timestamp('2026-03-04 16:53:58.499000'), Timestamp('2026-03-04 16:53:58.621000'), Timestamp('2026-03-04 16:53:58.851000'), Timestamp('2026-03-04 16:53:58.981000'), Timestamp('2026-03-04 16:53:59.821000'), Timestamp('2026-03-04 16:53:59.952000'), Timestamp('2026-03-04 16:54:00.197000'), Timestamp('2026-03-04 16:54:00.339000'), Timestamp('2026-03-04 16:54:01.246000'), Timestamp('2026-03-04 16:54:01.387000'), Timestamp('2026-03-04 16:54:01.656000'), Timestamp('2026-03-04 16:54:01.811000'), Timestamp('2026-03-04 16:54:02.799000'), Timestamp('2026-03-04 16:54:02.957000'), Timestamp('2026-03-04 16:54:03.255000'), Timestamp('2026-03-04 16:54:03.419000'), Timestamp('2026-03-04 16:54:04.519000'), Timestamp('2026-03-04 16:54:04.686000')]","[0.104, 0.702, 0.107, 0.198, 0.112, 0.726, 0.109, 0.207, 0.113, 0.75, 0.116, 0.217, 0.119, 0.792, 0.122, 0.23, 0.13, 0.84, 0.131, 0.245, 0.142, 0.907, 0.141, 0.269, 0.155, 0.988, 0.158, 0.298, 0.164, 1.1, 0.167]","[22.9666386222764, 22.74996490242875, 22.483545414655552, 22.24871902291257, 22.11993310504101, 22.234136089725723, 21.744751585298282, 21.62436393707099, 21.54950016123831, 21.237276700595466, 20.734341252699778, 20.645543217356312, 20.514319111630627, 20.365704412929233, 19.693985759733373, 19.378809112537887, 19.142743538767398, 19.2428389126544, 18.166584312630246, 18.015315553208346, 17.862335396502303, 17.77412393381975, 16.813898704358067, 16.62548281073819, 16.35510356897197, 16.32549268912905, 15.26235972095845, 15.058906900522633, 14.775140825560992, 14.754377018527963, 13.724151743927013, 13.51579498032315]","[2.3885304167167454, 15.970475361504983, 2.405739359368144, 4.405246366536689, 2.4774325077645933, 16.141982801140873, 2.3701779227975126, 4.476243334973694, 2.435093518219929, 15.9279575254466, 2.4051835853131744, 4.48008287816632, 2.4412039742840443, 16.129637895039952, 2.4026662626874713, 4.457126095883714, 2.488556660039762, 16.163984686629696, 2.3798225449545622, 4.4137523105360446, 2.536451626303327, 16.121130407974515, 2.3707597173144874, 4.472254876088574, 2.535041053190655, 16.1295867768595, 2.4114528359114353, 4.487554256355744, 2.4231230953920027, 16.229814720380762, 2.2919333412358114]",198.76999871501133,9.929628039576068,c:\git\RailwAI\VIDEO\20260304\ADTC Rueschlikon_00_20260304165355.mp4,2026-03-04 16:53:55,DTZ x2,Trieb
ADTC_8_adz_raw_20260304_1710,2026-03-04 17:07:09.786,2026-03-04 17:07:19.834,"[Timestamp('2026-03-04 17:07:19.834000'), Timestamp('2026-03-04 17:07:19.933000'), Timestamp('2026-03-04 17:07:20.640000'), Timestamp('2026-03-04 17:07:20.746000'), Timestamp('2026-03-04 17:07:20.943000'), Timestamp('2026-03-04 17:07:21.053000'), Timestamp('2026-03-04 17:07:21.777000'), Timestamp('2026-03-04 17:07:21.887000'), Timestamp('2026-03-04 17:07:22.093000'), Timestamp('2026-03-04 17:07:22.209000'), Timestamp('2026-03-04 17:07:22.954000'), Timestamp('2026-03-04 17:07:23.070000'), Timestamp('2026-03-04 17:07:23.288000'), Timestamp('2026-03-04 17:07:23.404000'), Timestamp('2026-03-04 17:07:24.193000'), Timestamp('2026-03-04 17:07:24.312000'), Timestamp('2026-03-04 17:07:24.541000'), Timestamp('2026-03-04 17:07:24.664000'), Timestamp('2026-03-04 17:07:25.501000'), Timestamp('2026-03-04 17:07:25.630000'), Timestamp('2026-03-04 17:07:25.875000'), Timestamp('2026-03-04 17:07:26.009000'), Timestamp('2026-03-04 17:07:26.884000'), Timestamp('2026-03-04 17:07:27.023000'), Timestamp('2026-03-04 17:07:27.276000'), Timestamp('2026-03-04 17:07:27.417000'), Timestamp('2026-03-04 17:07:28.344000'), Timestamp('2026-03-04 17:07:28.489000'), Timestamp('2026-03-04 17:07:28.763000'), Timestamp('2026-03-04 17:07:28.911000'), Timestamp('2026-03-04 17:07:29.912000'), Timestamp('2026-03-04 17:07:30.066000')]","[0.099, 0.707, 0.106, 0.197, 0.11, 0.724, 0.11, 0.206, 0.116, 0.745, 0.116, 0.218, 0.116, 0.789, 0.119, 0.229, 0.123, 0.837, 0.129, 0.245, 0.134, 0.875, 0.139, 0.253, 0.141, 0.927, 0.145, 0.274, 0.148, 1.001, 0.154]","[22.503293807641636, 22.832579185520363, 22.25158732716666, 22.170900692840643, 22.080634500991405, 22.2737819025522, 21.67053931759814, 21.672195808044513, 21.45468347350127, 21.433804290947144, 20.984834730092594, 21.029799894428713, 20.60095323616771, 20.66855776183325, 19.855413440561232, 19.917098177967738, 19.573512906846236, 19.57188578078889, 18.697373810932593, 18.678810316045293, 18.234029351072888, 18.182861734488892, 17.731933443850924, 17.58241758241758, 17.26758348942613, 17.298701298701296, 16.84630517303483, 16.711208071993454, 16.402570343004218, 16.31361315807711, 15.63621604844935, 15.459939421600762]","[2.2278260869565223, 16.142633484162896, 2.358668256679666, 4.367667436489607, 2.4288697951090543, 16.126218097447794, 2.3837593249357956, 4.4644723364571695, 2.4887432829261473, 15.968184196755622, 2.434240828690741, 4.584496376985459, 2.389710575395455, 16.307492074086433, 2.3627941994267867, 4.561015482754612, 2.407542087542087, 16.3816683985203, 2.4119612216103046, 4.576308527431097, 2.443359933043767, 15.91000401767778, 2.4647387486952788, 4.448351648351648, 2.434729272009084, 16.035896103896103, 2.44271425009005, 4.578871011726207, 2.427580410764624, 16.329926771235186, 2.4079772714612]",199.2984215093145,9.727686118411878,c:\git\RailwAI\VIDEO\20260304\ADTC Rueschlikon_00_20260304170720.mp4,2026-03-04 17:07:20,DTZ x2,Trieb
ADTC_8_adz_raw_20260304_1730,2026-03-04 17:24:12.237,2026-03-04 17:24:22.356,"[Timestamp('2026-03-04 17:24:22.356000'), Timestamp('2026-03-04 17:24:22.471000'), Timestamp('2026-03-04 17:24:22.825000'), Timestamp('2026-03-04 17:24:22.945000'), Timestamp('2026-03-04 17:24:23.173000'), Timestamp('2026-03-04 17:24:23.284000'), Timestamp('2026-03-04 17:24:24.113000'), Timestamp('2026-03-04 17:24:24.220000'), Timestamp('2026-03-04 17:24:24.431000'), Timestamp('2026-03-04 17:24:24.548000'), Timestamp('2026-03-04 17:24:25.407000'), Timestamp('2026-03-04 17:24:25.519000'), Timestamp('2026-03-04 17:24:25.739000'), Timestamp('2026-03-04 17:24:25.868000'), Timestamp('2026-03-04 17:24:26.755000'), Timestamp('2026-03-04 17:24:26.885000'), Timestamp('2026-03-04 17:24:27.142000'), Timestamp('2026-03-04 17:24:27.290000'), Timestamp('2026-03-04 17:24:27.702000'), Timestamp('2026-03-04 17:24:27.847000'), Timestamp('2026-03-04 17:24:28.116000'), Timestamp('2026-03-04 17:24:28.251000'), Timestamp('2026-03-04 17:24:29.262000'), Timestamp('2026-03-04 17:24:29.400000'), Timestamp('2026-03-04 17:24:29.671000'), Timestamp('2026-03-04 17:24:29.821000'), Timestamp('2026-03-04 17:24:30.939000'), Timestamp('2026-03-04 17:24:31.095000'), Timestamp('2026-03-04 17:24:31.397000'), Timestamp('2026-03-04 17:24:31.574000'), Timestamp('2026-03-04 17:24:32.867000'), Timestamp('2026-03-04 17:24:33.059000')]","[0.115, 0.354, 0.12, 0.228, 0.111, 0.829, 0.107, 0.211, 0.117, 0.859, 0.112, 0.22, 0.129, 0.887, 0.13, 0.257, 0.148, 0.412, 0.145, 0.269, 0.135, 1.011, 0.138, 0.271, 0.15, 1.1179999999999999, 0.156, 0.302, 0.177, 1.293, 0.192]","[21.867995018679952, 21.7741935483871, 21.527369262560896, 21.573142649375836, 21.6374269005848, 21.487263969075002, 21.06722106722107, 20.81700544106453, 20.83056806789138, 20.877557098889458, 20.28651760610523, 19.959800298255846, 19.979209979209976, 19.982845112156575, 19.1619820157213, 19.180838323353292, 18.538414795539868, 18.514036247002306, 18.25629530541044, 18.099753353188284, 17.780765629341012, 17.625913809119915, 16.696106661504583, 16.370297144850845, 16.139012502648868, 16.021540070539277, 14.691170685100882, 14.387067804220926, 14.138714883131758, 13.877465817764325, 12.49229560493894, 12.212595370490106]","[2.5148194271481947, 7.708064516129033, 2.5832843115073074, 4.918676524057691, 2.401754385964913, 17.812941830363176, 2.2541926541926545, 4.392388148064616, 2.437176463943292, 17.933821547946042, 2.272089971883786, 4.391156065616286, 2.577318087318087, 17.72478361448288, 2.491057662043769, 4.929475449101796, 2.7436853897399005, 7.62778293376495, 2.647162819284514, 4.868833652007648, 2.400403359961037, 17.81979886102023, 2.3040627192876326, 4.4363505262545795, 2.42085187539733, 17.91208179886291, 2.291822626875738, 4.344894476874719, 2.502552534314321, 17.94356330236927, 2.3985207561482764]",194.00536829192657,10.004213758217324,c:\git\RailwAI\VIDEO\20260304\ADTC Rueschlikon_00_20260304172423.mp4,2026-03-04 17:24:23,DPZ x2,Lok
ADTC_8_adz_raw_20260304_1740,2026-03-04 17:30:56.608,2026-03-04 17:30:56.764,"[Timestamp('2026-03-04 17:30:56.764000'), Timestamp('2026-03-04 17:30:56.857000'), Timestamp('2026-03-04 17:30:57.498000'), Timestamp('2026-03-04 17:30:57.593000'), Timestamp('2026-03-04 17:30:57.772000'), Timestamp('2026-03-04 17:30:57.870000'), Timestamp('2026-03-04 17:30:58.511000'), Timestamp('2026-03-04 17:30:58.608000'), Timestamp('2026-03-04 17:30:58.792000'), Timestamp('2026-03-04 17:30:58.890000'), Timestamp('2026-03-04 17:30:59.525000'), Timestamp('2026-03-04 17:30:59.624000'), Timestamp('2026-03-04 17:30:59.808000'), Timestamp('2026-03-04 17:30:59.906000'), Timestamp('2026-03-04 17:31:00.549000'), Timestamp('2026-03-04 17:31:00.641000'), Timestamp('2026-03-04 17:31:00.820000'), Timestamp('2026-03-04 17:31:00.922000'), Timestamp('2026-03-04 17:31:01.561000'), Timestamp('2026-03-04 17:31:01.658000'), Timestamp('2026-03-04 17:31:01.838000'), Timestamp('2026-03-04 17:31:01.936000'), Timestamp('2026-03-04 17:31:02.576000'), Timestamp('2026-03-04 17:31:02.672000')]","[0.093, 0.641, 0.095, 0.179, 0.098, 0.641, 0.097, 0.184, 0.098, 0.635, 0.099, 0.184, 0.098, 0.643, 0.092, 0.179, 0.102, 0.639, 0.097, 0.18, 0.098, 0.64, 0.096]","[24.686657147390136, 24.631578947368425, 24.881153815163973, 24.748186142929285, 24.621212121212125, 24.525913261377433, 24.8143200641197, 24.55259026687599, 24.584874478633825, 25.024437927663733, 24.650273584283738, 24.90276562815423, 24.67882632831087, 24.807692307692314, 25.810922004244073, 24.81034298536169, 24.96753246753247, 24.806367181240326, 24.976993449899858, 24.838333935815562, 24.96753246753247, 25.201190607430277, 25.952770633621697, 24.75279106858055, 25.133645859034466, 25.201190607430277, 25.16421602308644, 25.364382643658907, 25.231049774130717, 25.505610048690983, 25.430865098523554, 25.230004144218817]","[2.2958591147072824, 15.78884210526316, 2.3637096124405774, 4.429925319584342, 2.4128787878787885, 15.721110400542935, 2.4069890462196106, 4.517676609105182, 2.409317698906115, 15.890518084066471, 2.44037708484409, 4.582108875580379, 2.4185249801744653, 15.951346153846158, 2.3746048243904547, 4.441051394379742, 2.546688311688312, 15.85126862881257, 2.4227683646402864, 4.470900108446801, 2.4468181818181822, 16.12876198875538, 2.491465980827683]",146.80351165691897,0.0395665484616031,c:\git\RailwAI\VIDEO\20260304\ADTC Rueschlikon_00_20260304173055.mp4,2026-03-04 17:30:55,DTZ x2,Trieb
ADTC_8_adz_raw_20260304_1800,2026-03-04 17:54:38.016,2026-03-04 17:54:48.067,"[Timestamp('2026-03-04 17:54:48.067000'), Timestamp('2026-03-04 17:54:48.182000'), Timestamp('2026-03-04 17:54:48.970000'), Timestamp('2026-03-04 17:54:49.089000'), Timestamp('2026-03-04 17:54:49.313000'), Timestamp('2026-03-04 17:54:49.440000'), Timestamp('2026-03-04 17:54:50.256000'), Timestamp('2026-03-04 17:54:50.381000'), Timestamp('2026-03-04 17:54:50.616000'), Timestamp('2026-03-04 17:54:50.751000'), Timestamp('2026-03-04 17:54:51.595000'), Timestamp('2026-03-04 17:54:51.726000'), Timestamp('2026-03-04 17:54:51.975000'), Timestamp('2026-03-04 17:54:52.108000'), Timestamp('2026-03-04 17:54:53.006000'), Timestamp('2026-03-04 17:54:53.135000'), Timestamp('2026-03-04 17:54:53.392000'), Timestamp('2026-03-04 17:54:53.542000'), Timestamp('2026-03-04 17:54:54.475000'), Timestamp('2026-03-04 17:54:54.623000'), Timestamp('2026-03-04 17:54:54.893000'), Timestamp('2026-03-04 17:54:55.050000'), Timestamp('2026-03-04 17:54:56.027000'), Timestamp('2026-03-04 17:54:56.178000'), Timestamp('2026-03-04 17:54:56.463000'), Timestamp('2026-03-04 17:54:56.628000'), Timestamp('2026-03-04 17:54:57.671000'), Timestamp('2026-03-04 17:54:57.832000'), Timestamp('2026-03-04 17:54:58.142000'), Timestamp('2026-03-04 17:54:58.320000'), Timestamp('2026-03-04 17:54:59.459000'), Timestamp('2026-03-04 17:54:59.629000')]","[0.115, 0.788, 0.119, 0.224, 0.127, 0.816, 0.125, 0.235, 0.135, 0.844, 0.131, 0.249, 0.133, 0.898, 0.129, 0.257, 0.15, 0.933, 0.148, 0.27, 0.157, 0.977, 0.151, 0.285, 0.165, 1.043, 0.161, 0.31, 0.178, 1.139, 0.17]","[20.447493058958024, 20.318575191270536, 19.855243570658587, 19.653663688330845, 19.414045247092307, 19.542743538767397, 19.104950495049508, 18.860802000949526, 18.805977022079986, 18.88157284614671, 18.251544275247866, 17.927186497419445, 17.927186497419445, 17.832848095152677, 17.35985533453888, 17.039398253726265, 16.892305978048917, 16.946807516126015, 16.51255657112432, 16.32671950020246, 16.208637767721786, 16.16619794974145, 15.510342577487766, 15.361415708071656, 15.226786747503208, 15.228778889844962, 14.457831325301205, 14.190757128810226, 14.017585931254995, 13.924370172161357, 13.254463128687512, 13.026379744598117]","[2.3514617017801727, 16.011037250721184, 2.3627739849083715, 4.402420666186109, 2.465583746380723, 15.946878727634195, 2.3881188118811885, 4.432288470223138, 2.5388068979807983, 15.936047482147822, 2.3909523000574704, 4.463869437857442, 2.3843158041567865, 16.013897589447105, 2.2394213381555157, 4.379125351207651, 2.5338458967073376, 15.811371412545572, 2.4438583725263996, 4.4082142650546645, 2.5447561295323204, 15.794375396897395, 2.3420617292006525, 4.378003476800422, 2.5124198133380293, 15.883616382108295, 2.327710843373494, 4.39913470993117, 2.495130295763389, 15.859857626091786, 2.253258731876877]",196.69461464247348,9.917863826453704,c:\git\RailwAI\VIDEO\20260304\ADTC Rueschlikon_00_20260304175450.mp4,2026-03-04 17:54:50,DTZ x2,Trieb
ADTC_8_adz_raw_20260304_1810,2026-03-04 18:07:49.299,2026-03-04 18:07:59.346,"[Timestamp('2026-03-04 18:07:59.346000'), Timestamp('2026-03-04 18:07:59.446000'), Timestamp('2026-03-04 18:08:00.134000'), Timestamp('2026-03-04 18:08:00.237000'), Timestamp('2026-03-04 18:08:00.434000'), Timestamp('2026-03-04 18:08:00.538000'), Timestamp('2026-03-04 18:08:01.236000'), Timestamp('2026-03-04 18:08:01.341000'), Timestamp('2026-03-04 18:08:01.541000'), Timestamp('2026-03-04 18:08:01.649000'), Timestamp('2026-03-04 18:08:02.365000'), Timestamp('2026-03-04 18:08:02.475000'), Timestamp('2026-03-04 18:08:02.681000'), Timestamp('2026-03-04 18:08:02.793000'), Timestamp('2026-03-04 18:08:03.535000'), Timestamp('2026-03-04 18:08:03.647000'), Timestamp('2026-03-04 18:08:03.862000'), Timestamp('2026-03-04 18:08:03.977000'), Timestamp('2026-03-04 18:08:04.754000'), Timestamp('2026-03-04 18:08:04.872000'), Timestamp('2026-03-04 18:08:05.095000'), Timestamp('2026-03-04 18:08:05.221000'), Timestamp('2026-03-04 18:08:06.049000'), Timestamp('2026-03-04 18:08:06.176000'), Timestamp('2026-03-04 18:08:06.418000'), Timestamp('2026-03-04 18:08:06.554000'), Timestamp('2026-03-04 18:08:07.453000'), Timestamp('2026-03-04 18:08:07.591000'), Timestamp('2026-03-04 18:08:07.859000'), Timestamp('2026-03-04 18:08:08.010000'), Timestamp('2026-03-04 18:08:09.009000'), Timestamp('2026-03-04 18:08:09.160000')]","[0.1, 0.688, 0.103, 0.197, 0.104, 0.698, 0.105, 0.2, 0.108, 0.716, 0.11, 0.206, 0.112, 0.742, 0.112, 0.215, 0.115, 0.777, 0.118, 0.223, 0.126, 0.828, 0.127, 0.242, 0.136, 0.899, 0.138, 0.268, 0.151, 0.999, 0.151]","[22.950894591321436, 23.023701207202954, 22.547635850388147, 22.651715406661282, 22.48292883587001, 22.435907936767954, 22.304736410344976, 22.306421840085495, 21.96980408791692, 21.97532804274377, 21.478229968016894, 21.675840978593275, 21.36301078249849, 21.323551164097857, 20.84351819145178, 20.763770027217372, 20.54324242673917, 20.549450549450547, 19.829637019415237, 19.825410898179086, 19.622679327537394, 19.347610774651322, 18.567381505871452, 18.397556390977442, 18.18971302253977, 17.936944355277667, 17.067070860174304, 16.985807614327552, 16.510017094421542, 16.497327149785818, 15.258294197848812, 15.303944881409667]","[2.295089459132144, 15.840306430555632, 2.322406492589979, 4.462387935112273, 2.3382245989304806, 15.66026373986403, 2.3419973230862223, 4.4612843680170995, 2.3727388414950275, 15.734334878604537, 2.3626052964818585, 4.465223241590214, 2.392657207639831, 15.82207496376061, 2.3344740374425994, 4.464210555851735, 2.3624728790750047, 15.966923076923075, 2.3398971682909977, 4.421066630293937, 2.4724575952697116, 16.019821721411294, 2.3580574512456747, 4.4522086466165405, 2.4738009710654087, 16.125312975394625, 2.3552557787040542, 4.552196440639785, 2.493012581257653, 16.480829822636032, 2.3040024238751706]",196.8475955328533,9.929310902460518,c:\git\RailwAI\VIDEO\20260304\ADTC Rueschlikon_00_20260304180800.mp4,2026-03-04 18:08:00,DTZ x2,Trieb
ADTC_8_adz_raw_20260304_1830,2026-03-04 18:24:11.744,2026-03-04 18:24:21.790,"[Timestamp('2026-03-04 18:24:21.790000'), Timestamp('2026-03-04 18:24:21.915000'), Timestamp('2026-03-04 18:24:22.281000'), Timestamp('2026-03-04 18:24:22.406000'), Timestamp('2026-03-04 18:24:22.642000'), Timestamp('2026-03-04 18:24:22.760000'), Timestamp('2026-03-04 18:24:23.630000'), Timestamp('2026-03-04 18:24:23.747000'), Timestamp('2026-03-04 18:24:23.972000'), Timestamp('2026-03-04 18:24:24.098000'), Timestamp('2026-03-04 18:24:25.006000'), Timestamp('2026-03-04 18:24:25.129000'), Timestamp('2026-03-04 18:24:25.367000'), Timestamp('2026-03-04 18:24:25.495000'), Timestamp('2026-03-04 18:24:26.460000'), Timestamp('2026-03-04 18:24:26.594000'), Timestamp('2026-03-04 18:24:26.875000'), Timestamp('2026-03-04 18:24:27.029000'), Timestamp('2026-03-04 18:24:27.467000'), Timestamp('2026-03-04 18:24:27.616000'), Timestamp('2026-03-04 18:24:27.905000'), Timestamp('2026-03-04 18:24:28.048000'), Timestamp('2026-03-04 18:24:29.101000'), Timestamp('2026-03-04 18:24:29.246000'), Timestamp('2026-03-04 18:24:29.521000'), Timestamp('2026-03-04 18:24:29.676000'), Timestamp('2026-03-04 18:24:30.789000'), Timestamp('2026-03-04 18:24:30.941000'), Timestamp('2026-03-04 18:24:31.234000'), Timestamp('2026-03-04 18:24:31.403000'), Timestamp('2026-03-04 18:24:32.593000'), Timestamp('2026-03-04 18:24:32.759000')]","[0.125, 0.366, 0.125, 0.236, 0.118, 0.87, 0.117, 0.225, 0.126, 0.908, 0.123, 0.238, 0.128, 0.965, 0.134, 0.281, 0.154, 0.438, 0.149, 0.289, 0.143, 1.053, 0.145, 0.275, 0.155, 1.113, 0.152, 0.293, 0.169, 1.19, 0.166]","[21.219848178434304, 21.10909749909387, 20.852436746476478, 20.631578947368418, 20.58163903084672, 20.5752364692762, 19.860001026887332, 19.734473637508344, 19.79591836734694, 19.7598627787307, 18.973517693930162, 18.678810316045293, 18.659050727594177, 18.46488453898821, 17.82805117770804, 17.67979785989249, 17.584541062801932, 17.462908502131313, 17.267080745341616, 16.997593261131165, 16.976246763480805, 16.90078037904125, 16.368393511250652, 16.10960477747088, 16.066956857867932, 16.02548395001225, 15.37230769230769, 15.153991826970998, 14.966462525517645, 14.96164985664178, 14.26499128971789, 14.01571784550508]","[2.652481022304288, 7.7259296846683565, 2.6065545933095597, 4.869052631578946, 2.428633405639913, 17.90045572827029, 2.3236201201458178, 4.440256568439378, 2.494285714285714, 17.941955403087476, 2.33374267635341, 4.445556855218779, 2.388358493132055, 17.81861358012362, 2.3889588578128778, 4.96802319862979, 2.7080193236714973, 7.648753923933515, 2.5727950310559007, 4.912304452466906, 2.427603287177755, 17.796521739130437, 2.373417059131344, 4.4301413138044925, 2.4903783129695296, 17.836363636363636, 2.3365907692307686, 4.4401196053025025, 2.529332166812482, 17.804363329403717, 2.36798855409317]",194.40117103754795,9.926890925850469,c:\git\RailwAI\VIDEO\20260304\ADTC Rueschlikon_00_20260304182422.mp4,2026-03-04 18:24:22,DPZ x2,Lok
ADTC_8_adz_raw_20260304_1840,2026-03-04 18:37:03.802,2026-03-04 18:37:13.851,"[Timestamp('2026-03-04 18:37:13.851000'), Timestamp('2026-03-04 18:37:13.958000'), Timestamp('2026-03-04 18:37:14.705000'), Timestamp('2026-03-04 18:37:14.813000'), Timestamp('2026-03-04 18:37:15.027000'), Timestamp('2026-03-04 18:37:15.140000'), Timestamp('2026-03-04 18:37:15.909000'), Timestamp('2026-03-04 18:37:16.025000'), Timestamp('2026-03-04 18:37:16.246000'), Timestamp('2026-03-04 18:37:16.364000'), Timestamp('2026-03-04 18:37:17.160000'), Timestamp('2026-03-04 18:37:17.281000'), Timestamp('2026-03-04 18:37:17.511000'), Timestamp('2026-03-04 18:37:17.636000'), Timestamp('2026-03-04 18:37:18.467000'), Timestamp('2026-03-04 18:37:18.596000'), Timestamp('2026-03-04 18:37:18.838000'), Timestamp('2026-03-04 18:37:18.972000'), Timestamp('2026-03-04 18:37:19.850000'), Timestamp('2026-03-04 18:37:19.982000'), Timestamp('2026-03-04 18:37:20.234000'), Timestamp('2026-03-04 18:37:20.381000'), Timestamp('2026-03-04 18:37:21.312000'), Timestamp('2026-03-04 18:37:21.457000'), Timestamp('2026-03-04 18:37:21.727000'), Timestamp('2026-03-04 18:37:21.877000'), Timestamp('2026-03-04 18:37:22.876000'), Timestamp('2026-03-04 18:37:23.026000'), Timestamp('2026-03-04 18:37:23.322000'), Timestamp('2026-03-04 18:37:23.484000'), Timestamp('2026-03-04 18:37:24.564000'), Timestamp('2026-03-04 18:37:24.731000')]","[0.107, 0.747, 0.108, 0.214, 0.113, 0.769, 0.116, 0.221, 0.118, 0.796, 0.121, 0.23, 0.125, 0.831, 0.129, 0.242, 0.134, 0.878, 0.132, 0.252, 0.147, 0.931, 0.145, 0.27, 0.15, 0.999, 0.15, 0.296, 0.162, 1.08, 0.167]","[21.598639455782312, 21.621731300885177, 21.09930876577738, 21.076375835044388, 20.825176931185062, 20.946833418993776, 20.301790624371264, 20.3624062044518, 20.23292380673187, 20.23562023562023, 19.582629814770144, 19.72450163484864, 19.302116928150536, 19.185127214067812, 18.848554913294798, 18.720563806453825, 18.42854774230394, 18.219533275713047, 17.65427716647229, 17.599257959792713, 17.40708593071885, 17.133577455819136, 16.537774427700654, 16.526369123281096, 16.29885852646143, 16.12091816592409, 15.509532944446619, 15.548852459016391, 15.190481913231585, 15.119947615929522, 14.39827307069617, 14.3180635201687]","[2.3110544217687075, 16.15143328176123, 2.278725346703957, 4.510344428699499, 2.353244993223912, 16.108114899206214, 2.3550077124270667, 4.500091771183848, 2.3874850091943602, 16.107553707553706, 2.369498207587187, 4.536635376015187, 2.412764616018817, 15.942840714890352, 2.431463583815029, 4.530376441161826, 2.4694253974687284, 15.996750216076055, 2.3303645859743423, 4.435013005867764, 2.5588416318156706, 15.951360611367617, 2.3979772920165945, 4.462119663285896, 2.4448287789692142, 16.104797247758164, 2.326429941666993, 4.602460327868852, 2.4608580699435167, 16.329543425203884, 2.4045116028062608]",198.56191630930044,9.928086158143197,c:\git\RailwAI\VIDEO\20260304\ADTC Rueschlikon_00_20260304183714.mp4,2026-03-04 18:37:14,DTZ x2,Trieb
ADTC_8_adz_raw_20260304_1900,2026-03-04 18:54:20.691,2026-03-04 18:54:30.741,"[Timestamp('2026-03-04 18:54:30.741000'), Timestamp('2026-03-04 18:54:30.854000'), Timestamp('2026-03-04 18:54:31.626000'), Timestamp('2026-03-04 18:54:31.741000'), Timestamp('2026-03-04 18:54:31.965000'), Timestamp('2026-03-04 18:54:32.083000'), Timestamp('2026-03-04 18:54:32.879000'), Timestamp('2026-03-04 18:54:32.998000'), Timestamp('2026-03-04 18:54:33.229000'), Timestamp('2026-03-04 18:54:33.355000'), Timestamp('2026-03-04 18:54:34.194000'), Timestamp('2026-03-04 18:54:34.318000'), Timestamp('2026-03-04 18:54:34.557000'), Timestamp('2026-03-04 18:54:34.692000'), Timestamp('2026-03-04 18:54:35.567000'), Timestamp('2026-03-04 18:54:35.699000'), Timestamp('2026-03-04 18:54:35.957000'), Timestamp('2026-03-04 18:54:36.099000'), Timestamp('2026-03-04 18:54:37.041000'), Timestamp('2026-03-04 18:54:37.184000'), Timestamp('2026-03-04 18:54:37.463000'), Timestamp('2026-03-04 18:54:37.624000'), Timestamp('2026-03-04 18:54:38.648000'), Timestamp('2026-03-04 18:54:38.801000'), Timestamp('2026-03-04 18:54:39.106000'), Timestamp('2026-03-04 18:54:39.277000'), Timestamp('2026-03-04 18:54:40.400000'), Timestamp('2026-03-04 18:54:40.568000'), Timestamp('2026-03-04 18:54:40.900000'), Timestamp('2026-03-04 18:54:41.083000'), Timestamp('2026-03-04 18:54:42.277000'), Timestamp('2026-03-04 18:54:42.465000')]","[0.113, 0.772, 0.115, 0.224, 0.118, 0.796, 0.119, 0.231, 0.126, 0.839, 0.124, 0.239, 0.135, 0.875, 0.132, 0.258, 0.142, 0.942, 0.143, 0.279, 0.161, 1.024, 0.153, 0.305, 0.171, 1.123, 0.168, 0.332, 0.183, 1.194, 0.188]","[20.91513195367382, 20.802929990139454, 20.403848759994577, 20.232025156785756, 20.104910440167714, 20.08799001904261, 19.552259236675415, 19.380072357485084, 19.239713235737092, 19.23126283367556, 18.880534670008355, 18.568943262809363, 18.40845412226708, 18.395125174363116, 17.598548240750077, 17.29735345297769, 17.20568255181651, 17.067759003242877, 16.243701328447088, 16.041454943434996, 15.739227659757457, 15.71299987141571, 14.951494907086445, 14.512678940344077, 14.394388993795523, 14.201680672268909, 13.714313702681025, 13.408056615956006, 13.362625100254558, 13.326910849501935, 12.873166522864539, 12.649297261263262]","[2.363409910765142, 16.05986195238766, 2.3464426073993767, 4.53197363512001, 2.37237943193979, 15.99004005515792, 2.3267188491643744, 4.476796714579055, 2.4242038677028734, 16.135029517453795, 2.341186299081036, 4.437977439811437, 2.485141306506056, 16.09573452756773, 2.32300836777901, 4.4627171908682435, 2.443206922357944, 16.07782898105479, 2.3228492899679334, 4.475565929218364, 2.534015653220951, 16.090111868329686, 2.287578720784226, 4.426367076804944, 2.461440517939035, 15.948487394957985, 2.3040047020504124, 4.451474796497394, 2.445360393346584, 15.91233155430531, 2.4201553062985335]",197.7734007804176,9.923639208363786,c:\git\RailwAI\VIDEO\20260304\ADTC Rueschlikon_00_20260304185431.mp4,2026-03-04 18:54:31,DTZ x2,Trieb
ADTC_8_adz_raw_20260304_1920,2026-03-04 19:10:07.686,2026-03-04 19:10:17.716,"[Timestamp('2026-03-04 19:10:17.716000'), Timestamp('2026-03-04 19:10:17.808000'), Timestamp('2026-03-04 19:10:18.402000'), Timestamp('2026-03-04 19:10:18.492000'), Timestamp('2026-03-04 19:10:18.639000'), Timestamp('2026-03-04 19:10:18.734000'), Timestamp('2026-03-04 19:10:19.385000'), Timestamp('2026-03-04 19:10:19.467000'), Timestamp('2026-03-04 19:10:19.610000'), Timestamp('2026-03-04 19:10:19.707000'), Timestamp('2026-03-04 19:10:20.360000'), Timestamp('2026-03-04 19:10:20.453000'), Timestamp('2026-03-04 19:10:20.585000'), Timestamp('2026-03-04 19:10:20.688000'), Timestamp('2026-03-04 19:10:21.358000'), Timestamp('2026-03-04 19:10:21.452000'), Timestamp('2026-03-04 19:10:21.602000'), Timestamp('2026-03-04 19:10:21.699000'), Timestamp('2026-03-04 19:10:22.390000'), Timestamp('2026-03-04 19:10:22.485000'), Timestamp('2026-03-04 19:10:22.650000'), Timestamp('2026-03-04 19:10:22.751000'), Timestamp('2026-03-04 19:10:23.418000'), Timestamp('2026-03-04 19:10:23.527000'), Timestamp('2026-03-04 19:10:23.807000'), Timestamp('2026-03-04 19:10:23.910000'), Timestamp('2026-03-04 19:10:24.615000'), Timestamp('2026-03-04 19:10:24.721000'), Timestamp('2026-03-04 19:10:24.902000'), Timestamp('2026-03-04 19:10:25.016000'), Timestamp('2026-03-04 19:10:25.798000'), Timestamp('2026-03-04 19:10:25.906000'), Timestamp('2026-03-04 19:10:26.092000'), Timestamp('2026-03-04 19:10:26.209000'), Timestamp('2026-03-04 19:10:27.046000'), Timestamp('2026-03-04 19:10:27.163000'), Timestamp('2026-03-04 19:10:27.353000'), Timestamp('2026-03-04 19:10:27.489000'), Timestamp('2026-03-04 19:10:28.393000'), Timestamp('2026-03-04 19:10:28.519000'), Timestamp('2026-03-04 19:10:28.737000'), Timestamp('2026-03-04 19:10:28.877000'), Timestamp('2026-03-04 19:10:29.877000'), Timestamp('2026-03-04 19:10:30.025000'), Timestamp('2026-03-04 19:10:30.280000'), Timestamp('2026-03-04 19:10:30.441000'), Timestamp('2026-03-04 19:10:31.508000'), Timestamp('2026-03-04 19:10:31.676000')]","[0.092, 0.594, 0.09, 0.147, 0.095, 0.651, 0.082, 0.143, 0.097, 0.653, 0.093, 0.132, 0.103, 0.67, 0.094, 0.15, 0.097, 0.691, 0.095, 0.165, 0.101, 0.667, 0.109, 0.28, 0.103, 0.705, 0.106, 0.181, 0.114, 0.782, 0.108, 0.186, 0.117, 0.837, 0.117, 0.19, 0.136, 0.904, 0.126, 0.218, 0.14, 1.0, 0.148, 0.255, 0.161, 1.067, 0.168]","[26.446481695100474, 26.23264148126026, 26.230291447682745, 25.807197571903444, 25.806451612903217, 25.813166796773352, 26.597900165776377, 25.60018204573899, 25.604551920341393, 25.738930419781482, 26.02103778574366, 25.472972972972972, 24.89452610646817, 25.130890052356026, 25.274359827070167, 24.621212121212125, 24.881153815163973, 24.244897959183678, 24.388105124700182, 23.83322655364448, 23.901895206243037, 23.590783944355895, 23.000206341564073, 23.024893019831595, 23.022774327122157, 22.643524699599467, 22.279658826570177, 21.771506150491632, 22.17680122636689, 21.76881941587824, 20.77961019490255, 20.35213798059648, 20.44367116137451, 20.253525138869108, 19.722587830312847, 19.459033613445378, 19.047619047619047, 18.788491589300484, 17.877652933832707, 17.176217544937778, 17.392217612771095, 16.89471730793022, 15.751420210018935, 15.28801971862416, 15.220406440330457, 15.003663003663005, 13.737307566328202, 13.278643362208822]","[2.4330763159492435, 15.582189039868593, 2.360726230291447, 3.793658043069806, 2.4516129032258056, 16.804371584699453, 2.181027813593663, 3.660826032540675, 2.4836415362731152, 16.80752156411731, 2.41995651407416, 3.3624324324324326, 2.5641361889662213, 16.83769633507854, 2.375789823744596, 3.6931818181818183, 2.4134719200709056, 16.75322448979592, 2.3168699868465175, 3.932482381351339, 2.414091415830547, 15.735052890885383, 2.507022491230484, 6.446970045552847, 2.371345755693582, 15.963684913217623, 2.3616438356164386, 3.9406426132389853, 2.5281553398058256, 17.023216783216785, 2.2441979010494753, 3.7854976643909457, 2.391909525880818, 16.95220054123344, 2.307542776146603, 3.6972163865546217, 2.5904761904761906, 16.98479639672764, 2.252584269662921, 3.7444154247964354, 2.4349104657879534, 16.89471730793022, 2.3312101910828025, 3.898445028249161, 2.450485436893204, 16.008908424908427, 2.307867671143138]",299.7971006413741,9.930991378372552,c:\git\RailwAI\VIDEO\20260304\ADTC Rueschlikon_00_20260304191018.mp4,2026-03-04 19:10:18,RABe 511 x2,Trieb
ADTC_8_adz_raw_20260304_1930,2026-03-04 19:25:11.334,2026-03-04 19:25:21.451,"[Timestamp('2026-03-04 19:25:21.451000'), Timestamp('2026-03-04 19:25:21.563000'), Timestamp('2026-03-04 19:25:21.903000'), Timestamp('2026-03-04 19:25:22.020000'), Timestamp('2026-03-04 19:25:22.238000'), Timestamp('2026-03-04 19:25:22.346000'), Timestamp('2026-03-04 19:25:23.156000'), Timestamp('2026-03-04 19:25:23.263000'), Timestamp('2026-03-04 19:25:23.473000'), Timestamp('2026-03-04 19:25:23.591000'), Timestamp('2026-03-04 19:25:24.433000'), Timestamp('2026-03-04 19:25:24.554000'), Timestamp('2026-03-04 19:25:24.770000'), Timestamp('2026-03-04 19:25:24.892000'), Timestamp('2026-03-04 19:25:25.786000'), Timestamp('2026-03-04 19:25:25.909000'), Timestamp('2026-03-04 19:25:26.180000'), Timestamp('2026-03-04 19:25:26.314000'), Timestamp('2026-03-04 19:25:26.725000'), Timestamp('2026-03-04 19:25:26.868000'), Timestamp('2026-03-04 19:25:27.139000'), Timestamp('2026-03-04 19:25:27.269000'), Timestamp('2026-03-04 19:25:28.282000'), Timestamp('2026-03-04 19:25:28.420000'), Timestamp('2026-03-04 19:25:28.685000'), Timestamp('2026-03-04 19:25:28.838000'), Timestamp('2026-03-04 19:25:29.931000'), Timestamp('2026-03-04 19:25:30.084000'), Timestamp('2026-03-04 19:25:30.372000'), Timestamp('2026-03-04 19:25:30.540000'), Timestamp('2026-03-04 19:25:31.735000'), Timestamp('2026-03-04 19:25:31.911000')]","[0.112, 0.34, 0.117, 0.218, 0.108, 0.81, 0.107, 0.21, 0.118, 0.842, 0.121, 0.216, 0.122, 0.894, 0.123, 0.271, 0.134, 0.411, 0.143, 0.271, 0.13, 1.013, 0.138, 0.265, 0.153, 1.093, 0.153, 0.288, 0.168, 1.195, 0.176]","[22.99404495542322, 22.74996490242875, 22.48292883587001, 22.406205063401455, 22.222222222222225, 22.14677239103826, 21.52509652509653, 21.358358328631248, 21.12643321970871, 21.15368748028247, 20.58277415203603, 20.425531914893618, 20.062893081761004, 20.1533174729051, 19.204916458613404, 19.104496526815204, 19.251543209876544, 18.76209561981105, 18.340133273970704, 18.258935835548087, 17.91549884233066, 17.732901245096368, 16.96197789848286, 16.41414141414141, 16.3972111205111, 16.287623685437495, 15.483911248468388, 15.189911447262675, 15.023805325339449, 14.924046229368791, 13.923315748289875, 13.803597271035766]","[2.5753330350074006, 7.7349880668257756, 2.630502673796791, 4.884552703821517, 2.4000000000000004, 17.93888563674099, 2.3031853281853287, 4.485255249012562, 2.4929191199256273, 17.81140485839784, 2.4905156723963597, 4.411914893617022, 2.4476729559748422, 18.017065820777162, 2.3622047244094486, 5.17731855876692, 2.579706790123457, 7.71122129974234, 2.6226390581778105, 4.948171611433532, 2.3290148495029857, 17.96342896128262, 2.3407529499906348, 4.349747474747474, 2.508773301438198, 17.802372688183183, 2.3690384210156634, 4.37469449681165, 2.5239992946570275, 17.834235244095705, 2.450503571699018]",194.87201931055688,10.00303601785218,c:\git\RailwAI\VIDEO\20260304\ADTC Rueschlikon_00_20260304192522.mp4,2026-03-04 19:25:22,DPZ x2,Lok
ADTC_8_adz_raw_20260304_1940,2026-03-04 19:37:07.706,2026-03-04 19:37:17.765,"[Timestamp('2026-03-04 19:37:17.765000'), Timestamp('2026-03-04 19:37:17.859000'), Timestamp('2026-03-04 19:37:18.491000'), Timestamp('2026-03-04 19:37:18.582000'), Timestamp('2026-03-04 19:37:18.767000'), Timestamp('2026-03-04 19:37:18.860000'), Timestamp('2026-03-04 19:37:19.513000'), Timestamp('2026-03-04 19:37:19.606000'), Timestamp('2026-03-04 19:37:19.795000'), Timestamp('2026-03-04 19:37:19.894000'), Timestamp('2026-03-04 19:37:20.572000'), Timestamp('2026-03-04 19:37:20.670000'), Timestamp('2026-03-04 19:37:20.867000'), Timestamp('2026-03-04 19:37:20.974000'), Timestamp('2026-03-04 19:37:21.689000'), Timestamp('2026-03-04 19:37:21.791000'), Timestamp('2026-03-04 19:37:21.999000'), Timestamp('2026-03-04 19:37:22.111000'), Timestamp('2026-03-04 19:37:22.870000'), Timestamp('2026-03-04 19:37:22.983000'), Timestamp('2026-03-04 19:37:23.203000'), Timestamp('2026-03-04 19:37:23.322000'), Timestamp('2026-03-04 19:37:24.138000'), Timestamp('2026-03-04 19:37:24.258000'), Timestamp('2026-03-04 19:37:24.498000'), Timestamp('2026-03-04 19:37:24.628000'), Timestamp('2026-03-04 19:37:25.509000'), Timestamp('2026-03-04 19:37:25.644000'), Timestamp('2026-03-04 19:37:25.913000'), Timestamp('2026-03-04 19:37:26.053000'), Timestamp('2026-03-04 19:37:27.025000'), Timestamp('2026-03-04 19:37:27.175000')]","[0.094, 0.632, 0.091, 0.185, 0.093, 0.653, 0.093, 0.189, 0.099, 0.678, 0.098, 0.197, 0.107, 0.715, 0.102, 0.208, 0.112, 0.759, 0.113, 0.22, 0.119, 0.816, 0.12, 0.24, 0.13, 0.881, 0.135, 0.269, 0.14, 0.972, 0.15]","[25.329815303430077, 25.26315789473685, 24.87046632124353, 25.87601078167116, 24.61538461538462, 25.26315789473685, 23.821339950372206, 24.67866323907455, 23.880597014925378, 24.000000000000004, 22.85714285714286, 24.120603015075382, 22.641509433962266, 22.641509433962266, 21.238938053097346, 21.81818181818182, 21.47651006711409, 21.192052980132445, 19.91701244813278, 20.295983086680756, 19.753086419753085, 20.0, 18.568665377176018, 19.047619047619047, 18.713450292397663, 18.497109826589597, 17.235188509874327, 17.48633879781421, 16.695652173913043, 16.695652173913043, 15.841584158415838, 15.815485996705107]","[2.3810026385224274, 15.96631578947369, 2.2632124352331613, 4.787061994609164, 2.2892307692307696, 16.496842105263163, 2.215384615384615, 4.66426735218509, 2.3641791044776124, 16.272000000000002, 2.2400000000000007, 4.7517587939698505, 2.4226415094339626, 16.18867924528302, 2.1663716814159293, 4.538181818181818, 2.4053691275167783, 16.084768211920526, 2.250622406639004, 4.4651162790697665, 2.350617283950617, 16.32, 2.228239845261122, 4.571428571428571, 2.432748538011696, 16.295953757225433, 2.3267504488330344, 4.703825136612022, 2.3373913043478263, 16.228173913043477, 2.3762376237623757]",199.3843723002865,9.961717652108296,c:\git\RailwAI\VIDEO\20260304\ADTC Rueschlikon_00_20260304193718.mp4,2026-03-04 19:37:18,DTZ x2,Trieb
ADTC_8_adz_raw_20260304_2000,2026-03-04 19:53:20.000,2026-03-04 19:53:30.050,"[Timestamp('2026-03-04 19:53:30.050000'), Timestamp('2026-03-04 19:53:30.155000'), Timestamp('2026-03-04 19:53:30.901000'), Timestamp('2026-03-04 19:53:31.015000'), Timestamp('2026-03-04 19:53:31.229000'), Timestamp('2026-03-04 19:53:31.340000'), Timestamp('2026-03-04 19:53:32.107000'), Timestamp('2026-03-04 19:53:32.223000'), Timestamp('2026-03-04 19:53:32.446000'), Timestamp('2026-03-04 19:53:32.562000'), Timestamp('2026-03-04 19:53:33.356000'), Timestamp('2026-03-04 19:53:33.476000'), Timestamp('2026-03-04 19:53:33.710000'), Timestamp('2026-03-04 19:53:33.839000'), Timestamp('2026-03-04 19:53:34.670000'), Timestamp('2026-03-04 19:53:34.796000')]","[0.105, 0.746, 0.114, 0.214, 0.111, 0.767, 0.116, 0.223, 0.116, 0.794, 0.12, 0.234, 0.129, 0.831, 0.126]","[21.458541458541458, 21.301111400837357, 21.16891957599922, 20.965596166225588, 21.056277056277057, 20.84351819145178, 20.297434659586163, 20.08930916732335, 20.31766508102878, 20.194298455168017, 19.57286202395896, 19.35515340715087, 19.090316076617444, 19.306798612627034, 18.426171529619804, 18.165413533834588]","[2.253146853146853, 15.890629105024669, 2.413256831663911, 4.4866375795722755, 2.3372467532467534, 15.986978452843514, 2.354502420511995, 4.479915944313107, 2.3568491493993386, 16.034272973403407, 2.3487434428750755, 4.529105897273304, 2.4626507738836505, 16.043949647093065, 2.321697612732095]",96.29958343698304,9.929570361404322,c:\git\RailwAI\VIDEO\20260304\ADTC Rueschlikon_00_20260304195326.mp4,2026-03-04 19:53:26,DTZ,Trieb
ADTC_8_adz_raw_20260304_2010,2026-03-04 20:07:35.123,2026-03-04 20:07:45.175,"[Timestamp('2026-03-04 20:07:45.175000'), Timestamp('2026-03-04 20:07:45.302000'), Timestamp('2026-03-04 20:07:46.168000'), Timestamp('2026-03-04 20:07:46.294000'), Timestamp('2026-03-04 20:07:46.543000'), Timestamp('2026-03-04 20:07:46.682000'), Timestamp('2026-03-04 20:07:47.584000'), Timestamp('2026-03-04 20:07:47.726000'), Timestamp('2026-03-04 20:07:47.991000'), Timestamp('2026-03-04 20:07:48.134000'), Timestamp('2026-03-04 20:07:49.104000'), Timestamp('2026-03-04 20:07:49.256000'), Timestamp('2026-03-04 20:07:49.538000'), Timestamp('2026-03-04 20:07:49.700000'), Timestamp('2026-03-04 20:07:50.752000'), Timestamp('2026-03-04 20:07:50.912000')]","[0.127, 0.866, 0.126, 0.249, 0.139, 0.902, 0.142, 0.265, 0.143, 0.97, 0.152, 0.282, 0.162, 1.052, 0.16]","[18.677113495713396, 18.786764705882355, 18.08223842901331, 18.11423933011492, 17.9135030130863, 17.912692334470513, 16.93548387096774, 17.08320272054563, 16.84340130819546, 16.901460838191948, 16.05571170868817, 16.026755852842804, 15.81552892131318, 15.560179055545046, 14.747796538175638, 14.769265726072723]","[2.371993413955601, 16.269338235294118, 2.2783620420556767, 4.510445593198615, 2.4899769188189955, 16.157248485692403, 2.404838709677419, 4.527048720944592, 2.4086063870719507, 16.39441701304619, 2.440468179720602, 4.519545150501671, 2.5621156852527354, 16.36930836643339, 2.3596474461081023]",98.06336034777205,9.918829756093702,c:\git\RailwAI\VIDEO\20260304\ADTC Rueschlikon_00_20260304200746.mp4,2026-03-04 20:07:46,DTZ,Trieb
ADTC_8_adz_raw_20260304_2030,2026-03-04 20:24:18.842,2026-03-04 20:24:28.943,"[Timestamp('2026-03-04 20:24:28.943000'), Timestamp('2026-03-04 20:24:29.068000'), Timestamp('2026-03-04 20:24:29.450000'), Timestamp('2026-03-04 20:24:29.579000'), Timestamp('2026-03-04 20:24:29.823000'), Timestamp('2026-03-04 20:24:29.937000'), Timestamp('2026-03-04 20:24:30.839000'), Timestamp('2026-03-04 20:24:30.965000'), Timestamp('2026-03-04 20:24:31.196000'), Timestamp('2026-03-04 20:24:31.333000'), Timestamp('2026-03-04 20:24:32.281000'), Timestamp('2026-03-04 20:24:32.414000'), Timestamp('2026-03-04 20:24:32.660000'), Timestamp('2026-03-04 20:24:32.799000'), Timestamp('2026-03-04 20:24:33.825000'), Timestamp('2026-03-04 20:24:33.968000')]","[0.125, 0.382, 0.129, 0.244, 0.114, 0.902, 0.126, 0.231, 0.137, 0.948, 0.133, 0.246, 0.139, 1.026, 0.143]","[20.447493058958024, 20.34811661367678, 20.127201522550354, 19.961525991570298, 19.782682512733444, 19.652942038389885, 18.967077547199246, 18.89946868496623, 18.713734729162315, 18.80750828119249, 17.67979785989249, 17.69586756641047, 17.470442126179833, 17.28913787737317, 16.38244338831423, 16.202543183993434]","[2.555936632369753, 7.77298054642453, 2.5964089964089956, 4.870612341943152, 2.255225806451613, 17.726953718627676, 2.389851770947105, 4.365777266227199, 2.5637816578952375, 17.82951785057048, 2.351413115365701, 4.353183421336976, 2.428391455538997, 17.738655462184873, 2.3426894045289344]",94.14137944682123,9.978798390892802,c:\git\RailwAI\VIDEO\20260304\ADTC Rueschlikon_00_20260304202429.mp4,2026-03-04 20:24:29,DPZ,Lok
ADTC_8_adz_raw_20260304_2040,2026-03-04 20:30:58.899,2026-03-04 20:31:08.942,"[Timestamp('2026-03-04 20:31:08.942000'), Timestamp('2026-03-04 20:31:09.038000'), Timestamp('2026-03-04 20:31:09.674000'), Timestamp('2026-03-04 20:31:09.767000'), Timestamp('2026-03-04 20:31:09.951000'), Timestamp('2026-03-04 20:31:10.045000'), Timestamp('2026-03-04 20:31:10.685000'), Timestamp('2026-03-04 20:31:10.778000'), Timestamp('2026-03-04 20:31:10.960000'), Timestamp('2026-03-04 20:31:11.054000'), Timestamp('2026-03-04 20:31:11.694000'), Timestamp('2026-03-04 20:31:11.790000'), Timestamp('2026-03-04 20:31:11.968000'), Timestamp('2026-03-04 20:31:12.063000'), Timestamp('2026-03-04 20:31:12.704000'), Timestamp('2026-03-04 20:31:12.795000')]","[0.096, 0.636, 0.093, 0.184, 0.094, 0.64, 0.093, 0.182, 0.094, 0.64, 0.096, 0.178, 0.095, 0.641, 0.091]","[25.163870223028404, 24.943310657596378, 25.03297749371048, 24.9031007751938, 25.197023973546436, 24.87196869525529, 25.169058222002313, 25.131062272568407, 25.263332848565433, 25.000678186799778, 25.373238551457344, 25.467057904625193, 25.197544727433055, 25.297540516894195, 25.373238551457344, 25.242557425988885]","[2.415731541410727, 15.863945578231297, 2.328066906915075, 4.582170542635659, 2.368520253513365, 15.918059964963387, 2.340722414646215, 4.57385333360745, 2.374753287765151, 16.00043403955186, 2.435830900939905, 4.533136307023284, 2.39376674910614, 16.21572347132918, 2.3089647081826183]",96.6536799998213,9.936453374418775,c:\git\RailwAI\VIDEO\20260304\ADTC Rueschlikon_00_20260304203110.mp4,2026-03-04 20:31:10,DTZ,Trieb
ADTC_8_adz_raw_20260304_2100,2026-03-04 20:54:21.952,2026-03-04 20:54:32.000,"[Timestamp('2026-03-04 20:54:32'), Timestamp('2026-03-04 20:54:32.099000'), Timestamp('2026-03-04 20:54:32.789000'), Timestamp('2026-03-04 20:54:32.890000'), Timestamp('2026-03-04 20:54:33.089000'), Timestamp('2026-03-04 20:54:33.196000'), Timestamp('2026-03-04 20:54:33.913000'), Timestamp('2026-03-04 20:54:34.022000'), Timestamp('2026-03-04 20:54:34.226000'), Timestamp('2026-03-04 20:54:34.336000'), Timestamp('2026-03-04 20:54:35.086000'), Timestamp('2026-03-04 20:54:35.200000'), Timestamp('2026-03-04 20:54:35.416000'), Timestamp('2026-03-04 20:54:35.533000'), Timestamp('2026-03-04 20:54:36.329000'), Timestamp('2026-03-04 20:54:36.454000')]","[0.099, 0.69, 0.101, 0.199, 0.107, 0.717, 0.109, 0.204, 0.11, 0.75, 0.114, 0.216, 0.117, 0.796, 0.125]","[23.398646241539012, 23.02634984728477, 22.861808532353542, 22.482558904830857, 22.456908344733243, 22.383581894864996, 21.918836500117287, 21.748768472906406, 21.48038023156282, 21.38944025406908, 20.802343926076176, 20.558253428897657, 20.210884625101382, 20.1769723944259, 19.414045247092307, 19.302116928150536]","[2.316465977912362, 15.888181394626491, 2.309042661767708, 4.474029222061341, 2.402889192886457, 16.0490282186182, 2.3891531785127844, 4.436748768472906, 2.36284182547191, 16.042080190551808, 2.3714672075726844, 4.440582740641894, 2.364673501136862, 16.060870025963016, 2.4267556558865384]",96.33480976208295,9.932438846871934,c:\git\RailwAI\VIDEO\20260304\ADTC Rueschlikon_00_20260304205433.mp4,2026-03-04 20:54:33,DTZ,Trieb
ADTC_8_adz_raw_20260304_2110,2026-03-04 21:07:11.661,2026-03-04 21:07:21.715,"[Timestamp('2026-03-04 21:07:21.715000'), Timestamp('2026-03-04 21:07:21.839000'), Timestamp('2026-03-04 21:07:22.698000'), Timestamp('2026-03-04 21:07:22.827000'), Timestamp('2026-03-04 21:07:23.079000'), Timestamp('2026-03-04 21:07:23.213000'), Timestamp('2026-03-04 21:07:24.114000'), Timestamp('2026-03-04 21:07:24.253000'), Timestamp('2026-03-04 21:07:24.512000'), Timestamp('2026-03-04 21:07:24.658000'), Timestamp('2026-03-04 21:07:25.592000'), Timestamp('2026-03-04 21:07:25.731000'), Timestamp('2026-03-04 21:07:26'), Timestamp('2026-03-04 21:07:26.147000'), Timestamp('2026-03-04 21:07:27.110000'), Timestamp('2026-03-04 21:07:27.257000')]","[0.124, 0.859, 0.129, 0.252, 0.134, 0.901, 0.139, 0.259, 0.146, 0.934, 0.139, 0.269, 0.147, 0.963, 0.147]","[18.863131888281963, 18.805111085530104, 18.258935835548087, 18.3039609143256, 17.898248540450375, 17.98156384605671, 17.344300822561692, 17.391304347826086, 17.067327446158902, 17.068298480289275, 16.652224147891392, 16.726566294317628, 16.668475311991315, 16.53846153846154, 16.31361315807711, 16.203466311147572]","[2.339028354146963, 16.15359042247036, 2.355402722785703, 4.612598150410051, 2.3983653044203503, 16.201389025297097, 2.4108578143360755, 4.504347826086956, 2.4918298071391995, 15.941790780590184, 2.3146591565569037, 4.499446333171442, 2.450265870862723, 15.926538461538463, 2.398101134237335]",96.9982111640498,9.916165485652808,c:\git\RailwAI\VIDEO\20260304\ADTC Rueschlikon_00_20260304210722.mp4,2026-03-04 21:07:22,DTZ,Trieb
ADTC_8_adz_raw_20260304_2130,2026-03-04 21:24:59.181,2026-03-04 21:25:08.864,"[Timestamp('2026-03-04 21:25:08.864000'), Timestamp('2026-03-04 21:25:09.262000'), Timestamp('2026-03-04 21:25:09.378000'), Timestamp('2026-03-04 21:25:09.726000'), Timestamp('2026-03-04 21:25:09.843000'), Timestamp('2026-03-04 21:25:10.070000'), Timestamp('2026-03-04 21:25:10.180000'), Timestamp('2026-03-04 21:25:10.995000'), Timestamp('2026-03-04 21:25:11.105000'), Timestamp('2026-03-04 21:25:11.314000'), Timestamp('2026-03-04 21:25:11.431000'), Timestamp('2026-03-04 21:25:12.287000'), Timestamp('2026-03-04 21:25:12.405000'), Timestamp('2026-03-04 21:25:12.627000'), Timestamp('2026-03-04 21:25:12.752000'), Timestamp('2026-03-04 21:25:13.667000'), Timestamp('2026-03-04 21:25:13.789000')]","[0.398, 0.116, 0.348, 0.117, 0.227, 0.11, 0.815, 0.11, 0.209, 0.117, 0.856, 0.118, 0.222, 0.125, 0.915, 0.122]","[22.483545414655552, 22.22650974339186, 22.197273456295108, 21.901045731231466, 21.993848608588856, 21.905376433611558, 21.286135693215343, 21.055163026487293, 20.89229894856493, 20.916073968705547, 20.108438174448594, 20.008684324793748, 19.79457179783688, 19.818163244458066, 18.995279363066302, 18.80750828119249]","[8.94845107503291, 2.5782751302334557, 7.724651162790697, 2.5624223505540815, 4.9926036341496705, 2.4095914076972713, 17.348200589970503, 2.3160679329136022, 4.366490480250071, 2.447180654338549, 17.212823077327997, 2.361024750325662, 4.394394939119787, 2.4772704055572583, 17.380680617205666, 2.294516010305484]",101.8146442177727,9.971521240408196,c:\git\RailwAI\VIDEO\20260304\ADTC Rueschlikon_00_20260304212510.mp4,2026-03-04 21:25:10,DPZ,Lok
ADTC_8_adz_raw_20260304_2140,2026-03-04 21:37:24.410,2026-03-04 21:37:34.457,"[Timestamp('2026-03-04 21:37:34.457000'), Timestamp('2026-03-04 21:37:34.571000'), Timestamp('2026-03-04 21:37:35.332000'), Timestamp('2026-03-04 21:37:35.447000'), Timestamp('2026-03-04 21:37:35.664000'), Timestamp('2026-03-04 21:37:35.788000'), Timestamp('2026-03-04 21:37:36.590000'), Timestamp('2026-03-04 21:37:36.710000'), Timestamp('2026-03-04 21:37:36.945000'), Timestamp('2026-03-04 21:37:37.076000'), Timestamp('2026-03-04 21:37:37.932000'), Timestamp('2026-03-04 21:37:38.065000'), Timestamp('2026-03-04 21:37:38.319000'), Timestamp('2026-03-04 21:37:38.459000'), Timestamp('2026-03-04 21:37:39.391000'), Timestamp('2026-03-04 21:37:39.536000')]","[0.114, 0.761, 0.115, 0.217, 0.124, 0.802, 0.12, 0.235, 0.131, 0.856, 0.133, 0.254, 0.14, 0.932, 0.145]","[21.10144927536232, 21.055163026487293, 20.38961038961039, 20.339348235927822, 20.168156239655737, 19.83775937153104, 19.125403307418473, 19.16167664670659, 18.938521400778207, 18.568734847804613, 18.016393904397056, 17.882117882117882, 17.489182086065462, 17.333094334088354, 16.471398426670667, 16.326577833824548]","[2.4055652173913047, 16.02297906315683, 2.344805194805195, 4.413638567196338, 2.5008513737173113, 15.909883015967894, 2.2950483968902167, 4.502994011976048, 2.4809463035019452, 15.89483702972075, 2.3961803892848086, 4.542057942057942, 2.4484854920491648, 16.154443919370348, 2.388352771867247]",96.70106868895331,9.931594216655888,c:\git\RailwAI\VIDEO\20260304\ADTC Rueschlikon_00_20260304213735.mp4,2026-03-04 21:37:35,DTZ,Trieb
ADTC_8_adz_raw_20260304_2200,2026-03-04 21:53:00.070,2026-03-04 21:53:10.123,"[Timestamp('2026-03-04 21:53:10.123000'), Timestamp('2026-03-04 21:53:10.247000'), Timestamp('2026-03-04 21:53:11.138000'), Timestamp('2026-03-04 21:53:11.276000'), Timestamp('2026-03-04 21:53:11.539000'), Timestamp('2026-03-04 21:53:11.679000'), Timestamp('2026-03-04 21:53:12.626000'), Timestamp('2026-03-04 21:53:12.771000'), Timestamp('2026-03-04 21:53:13.046000'), Timestamp('2026-03-04 21:53:13.205000'), Timestamp('2026-03-04 21:53:14.213000'), Timestamp('2026-03-04 21:53:14.364000'), Timestamp('2026-03-04 21:53:14.671000'), Timestamp('2026-03-04 21:53:14.837000'), Timestamp('2026-03-04 21:53:15.937000'), Timestamp('2026-03-04 21:53:16.104000')]","[0.124, 0.891, 0.138, 0.263, 0.14, 0.947, 0.145, 0.275, 0.159, 1.008, 0.151, 0.307, 0.166, 1.1, 0.167]","[18.130457113507962, 17.78387650085763, 17.254699308830176, 17.219855600314027, 17.069701280227598, 16.892305978048917, 16.27123318366327, 16.040380127081264, 15.868462250928257, 15.962581479822859, 15.062168361570798, 14.793252050858927, 14.60144441411473, 14.537450993878533, 13.754287438497963, 13.351903435468895]","[2.248176682074987, 15.84543396226415, 2.3811485046185643, 4.528822022882589, 2.389758179231864, 15.997013761212324, 2.359328811631174, 4.411104534947348, 2.523085497897593, 16.090282131661443, 2.2743874225971905, 4.54152837961369, 2.4238397727430456, 15.991196093266387, 2.29696600222916]",96.3020717588715,9.90904758043623,c:\git\RailwAI\VIDEO\20260304\ADTC Rueschlikon_00_20260304215311.mp4,2026-03-04 21:53:11,DTZ,Trieb
ADTC_8_adz_raw_20260304_2210,2026-03-04 22:07:18.458,2026-03-04 22:07:28.508,"[Timestamp('2026-03-04 22:07:28.508000'), Timestamp('2026-03-04 22:07:28.625000'), Timestamp('2026-03-04 22:07:29.434000'), Timestamp('2026-03-04 22:07:29.552000'), Timestamp('2026-03-04 22:07:29.780000'), Timestamp('2026-03-04 22:07:29.910000'), Timestamp('2026-03-04 22:07:30.747000'), Timestamp('2026-03-04 22:07:30.873000'), Timestamp('2026-03-04 22:07:31.114000'), Timestamp('2026-03-04 22:07:31.248000'), Timestamp('2026-03-04 22:07:32.132000'), Timestamp('2026-03-04 22:07:32.263000'), Timestamp('2026-03-04 22:07:32.517000'), Timestamp('2026-03-04 22:07:32.661000'), Timestamp('2026-03-04 22:07:33.585000'), Timestamp('2026-03-04 22:07:33.732000')]","[0.117, 0.809, 0.118, 0.228, 0.13, 0.837, 0.126, 0.241, 0.134, 0.884, 0.131, 0.254, 0.144, 0.924, 0.147]","[19.959800298255846, 20.02261852979556, 19.299776937251476, 19.31714663978331, 19.067455621301775, 18.697373810932593, 18.358929354980255, 18.44518272425249, 18.23560821439395, 18.062104413576314, 17.423097066176545, 17.504737209534255, 17.271774162233523, 17.158300270254728, 16.594653710310702, 16.523235800344235]","[2.335296634895934, 16.19829839060461, 2.277373678595674, 4.404309433870595, 2.478769230769231, 15.64970187975058, 2.313225098727512, 4.44528903654485, 2.4435715007287895, 15.966900301601463, 2.2824257156691274, 4.446203251221701, 2.487135479361627, 15.85426944971537, 2.439414095415673]",96.02218317747273,9.92280286797184,c:\git\RailwAI\VIDEO\20260304\ADTC Rueschlikon_00_20260304220729.mp4,2026-03-04 22:07:29,DTZ,Trieb
ADTC_8_adz_raw_20260304_2230,2026-03-04 22:23:22.368,2026-03-04 22:23:32.419,"[Timestamp('2026-03-04 22:23:32.419000'), Timestamp('2026-03-04 22:23:32.537000'), Timestamp('2026-03-04 22:23:33.342000'), Timestamp('2026-03-04 22:23:33.464000'), Timestamp('2026-03-04 22:23:33.696000'), Timestamp('2026-03-04 22:23:33.823000'), Timestamp('2026-03-04 22:23:34.670000'), Timestamp('2026-03-04 22:23:34.798000'), Timestamp('2026-03-04 22:23:35.042000'), Timestamp('2026-03-04 22:23:35.189000'), Timestamp('2026-03-04 22:23:36.095000'), Timestamp('2026-03-04 22:23:36.236000'), Timestamp('2026-03-04 22:23:36.506000'), Timestamp('2026-03-04 22:23:36.660000'), Timestamp('2026-03-04 22:23:37.665000'), Timestamp('2026-03-04 22:23:37.817000')]","[0.118, 0.805, 0.122, 0.232, 0.127, 0.847, 0.128, 0.244, 0.147, 0.906, 0.141, 0.27, 0.154, 1.005, 0.152]","[20.189475360242017, 20.043937650381842, 19.413568887253092, 19.202765198188537, 18.86116600790514, 18.971369712292528, 18.097437901993533, 17.994771903195886, 17.489182086065462, 17.711334601793965, 16.667470460573906, 16.46892655367231, 16.0406488176666, 16.16917114299313, 14.816085055303096, 14.728915662650603]","[2.382358092508558, 16.135369808557385, 2.368455404244877, 4.455041525979741, 2.395368083003953, 16.06875014631177, 2.316472051455172, 4.390724344379796, 2.570909766651623, 16.04646914922533, 2.3501133349409207, 4.4466101694915245, 2.4702599179206564, 16.250016998708094, 2.2520449284060704]",96.89896372178544,9.91941464379295,c:\git\RailwAI\VIDEO\20260304\ADTC Rueschlikon_00_20260304222333.mp4,2026-03-04 22:23:33,DTZ,Trieb
ADTC_8_adz_raw_20260304_2240,2026-03-04 22:37:47.558,2026-03-04 22:37:57.612,"[Timestamp('2026-03-04 22:37:57.612000'), Timestamp('2026-03-04 22:37:57.731000'), Timestamp('2026-03-04 22:37:58.551000'), Timestamp('2026-03-04 22:37:58.678000'), Timestamp('2026-03-04 22:37:58.914000'), Timestamp('2026-03-04 22:37:59.045000'), Timestamp('2026-03-04 22:37:59.902000'), Timestamp('2026-03-04 22:38:00.028000'), Timestamp('2026-03-04 22:38:00.276000'), Timestamp('2026-03-04 22:38:00.414000'), Timestamp('2026-03-04 22:38:01.325000'), Timestamp('2026-03-04 22:38:01.467000'), Timestamp('2026-03-04 22:38:01.738000'), Timestamp('2026-03-04 22:38:01.881000'), Timestamp('2026-03-04 22:38:02.890000'), Timestamp('2026-03-04 22:38:03.041000')]","[0.119, 0.82, 0.127, 0.236, 0.131, 0.857, 0.126, 0.248, 0.138, 0.911, 0.142, 0.271, 0.143, 1.009, 0.151]","[19.57237389020051, 19.573512906846236, 19.028909546672537, 18.934984905542933, 18.645275888988202, 18.714588091338502, 17.96072666176625, 18.028947888158452, 17.77997283615261, 17.665820213306247, 16.87253857202428, 16.813073563331205, 16.468296587053814, 16.312765281667772, 15.28801971862416, 15.250208191384663]","[2.3291124929338607, 16.05028058361391, 2.416671512427412, 4.468656437708132, 2.4425311414574544, 16.038401994277095, 2.2630515593825478, 4.471179076263296, 2.45363625138906, 16.09356221432199, 2.3959004772274475, 4.556342935662757, 2.3549664119486953, 16.45958016920278, 2.308490977512248]",97.10236423532868,9.921657076918056,c:\git\RailwAI\VIDEO\20260304\ADTC Rueschlikon_00_20260304223758.mp4,2026-03-04 22:37:58,DTZ,Trieb
ADTC_8_adz_raw_20260304_2300,2026-03-04 22:52:09.818,2026-03-04 22:52:19.873,"[Timestamp('2026-03-04 22:52:19.873000'), Timestamp('2026-03-04 22:52:20.004000'), Timestamp('2026-03-04 22:52:20.896000'), Timestamp('2026-03-04 22:52:21.029000'), Timestamp('2026-03-04 22:52:21.291000'), Timestamp('2026-03-04 22:52:21.433000'), Timestamp('2026-03-04 22:52:22.367000'), Timestamp('2026-03-04 22:52:22.510000'), Timestamp('2026-03-04 22:52:22.780000'), Timestamp('2026-03-04 22:52:22.931000'), Timestamp('2026-03-04 22:52:23.918000'), Timestamp('2026-03-04 22:52:24.067000'), Timestamp('2026-03-04 22:52:24.355000'), Timestamp('2026-03-04 22:52:24.518000'), Timestamp('2026-03-04 22:52:25.565000'), Timestamp('2026-03-04 22:52:25.723000')]","[0.131, 0.892, 0.133, 0.262, 0.142, 0.934, 0.143, 0.27, 0.151, 0.987, 0.149, 0.288, 0.163, 1.047, 0.158]","[18.131103802994744, 17.947938398314236, 17.471599377339118, 17.267080745341616, 17.06700379266751, 17.22427114850982, 16.655832430480316, 16.34308895972182, 16.16166196664163, 16.071488561158326, 15.622467625327717, 15.26235972095845, 15.201909767497845, 15.266990291262136, 14.679207962460282, 14.437265513162922]","[2.3751745981923116, 16.0095610512963, 2.3237227171861026, 4.523975155279504, 2.4235145385587864, 16.087469252708175, 2.381784037558685, 4.412634019124892, 2.4404109569628862, 15.862559209863267, 2.32774767617383, 4.395559599636034, 2.477911292102149, 15.984538834951456, 2.3193148580687244]",96.34587779766308,9.915292865992264,c:\git\RailwAI\VIDEO\20260304\ADTC Rueschlikon_00_20260304225220.mp4,2026-03-04 22:52:20,DTZ,Trieb
ADTC_8_adz_raw_20260304_2310,2026-03-04 23:07:24.806,2026-03-04 23:07:34.859,"[Timestamp('2026-03-04 23:07:34.859000'), Timestamp('2026-03-04 23:07:34.979000'), Timestamp('2026-03-04 23:07:35.823000'), Timestamp('2026-03-04 23:07:35.947000'), Timestamp('2026-03-04 23:07:36.196000'), Timestamp('2026-03-04 23:07:36.330000'), Timestamp('2026-03-04 23:07:37.228000'), Timestamp('2026-03-04 23:07:37.359000'), Timestamp('2026-03-04 23:07:37.626000'), Timestamp('2026-03-04 23:07:37.777000'), Timestamp('2026-03-04 23:07:38.749000'), Timestamp('2026-03-04 23:07:38.902000'), Timestamp('2026-03-04 23:07:39.187000'), Timestamp('2026-03-04 23:07:39.344000'), Timestamp('2026-03-04 23:07:40.405000'), Timestamp('2026-03-04 23:07:40.565000')]","[0.12, 0.844, 0.124, 0.249, 0.134, 0.898, 0.131, 0.267, 0.151, 0.972, 0.153, 0.285, 0.157, 1.061, 0.16]","[19.532550110528796, 19.453067257945303, 18.627760964813227, 18.604721038102575, 18.4294304916873, 17.944176003857162, 17.31797774741362, 17.39136142407525, 17.007814706713116, 16.77072081143924, 15.92039800995025, 15.843137254901958, 15.70465489566613, 15.5089257751331, 14.81544941814807, 14.679448211363106]","[2.3439060132634553, 16.418388765705835, 2.30984235963684, 4.632575538487541, 2.4695436858860984, 16.11387005146373, 2.2686550849111846, 4.643493500228092, 2.5681800207136805, 16.30114062871894, 2.435820895522388, 4.515294117647057, 2.4656308186195823, 16.45497024741622, 2.3704719069036915]",98.31178363512434,9.917915922649945,c:\git\RailwAI\VIDEO\20260304\ADTC Rueschlikon_00_20260304230735.mp4,2026-03-04 23:07:35,DTZ,Trieb
ADTC_8_adz_raw_20260304_2330,2026-03-04 23:22:45.683,2026-03-04 23:22:55.779,"[Timestamp('2026-03-04 23:22:55.779000'), Timestamp('2026-03-04 23:22:55.904000'), Timestamp('2026-03-04 23:22:56.281000'), Timestamp('2026-03-04 23:22:56.410000'), Timestamp('2026-03-04 23:22:56.649000'), Timestamp('2026-03-04 23:22:56.769000'), Timestamp('2026-03-04 23:22:57.654000'), Timestamp('2026-03-04 23:22:57.773000'), Timestamp('2026-03-04 23:22:57.996000'), Timestamp('2026-03-04 23:22:58.124000'), Timestamp('2026-03-04 23:22:59.035000'), Timestamp('2026-03-04 23:22:59.155000'), Timestamp('2026-03-04 23:22:59.388000'), Timestamp('2026-03-04 23:22:59.528000'), Timestamp('2026-03-04 23:23:00.482000'), Timestamp('2026-03-04 23:23:00.620000')]","[0.125, 0.377, 0.129, 0.239, 0.12, 0.885, 0.119, 0.223, 0.128, 0.911, 0.12, 0.233, 0.14, 0.954, 0.138]","[20.697442092790926, 20.62986455419217, 20.317483068764105, 20.32567685041628, 20.21276595744681, 20.17884347883685, 19.938748220678942, 19.7438173747622, 19.631983941117433, 19.61274828638615, 19.18175720992622, 18.860583603520148, 18.659050727594177, 18.91286660726047, 17.846887472140157, 17.665102484408962]","[2.5871802615988657, 7.777458936930448, 2.6209553158705696, 4.85783676724949, 2.425531914893617, 17.858276478770613, 2.372711038260794, 4.402871274571971, 2.5128939444630314, 17.867213688897785, 2.3018108651911464, 4.394515979620195, 2.612267101863185, 18.042874743326486, 2.462870471155342]",95.09726878266352,9.965808348774615,c:\git\RailwAI\VIDEO\20260304\ADTC Rueschlikon_00_20260304232256.mp4,2026-03-04 23:22:56,DPZ,Lok
ADTC_8_adz_raw_20260304_2340,2026-03-04 23:37:24.141,2026-03-04 23:37:34.212,"[Timestamp('2026-03-04 23:37:34.212000'), Timestamp('2026-03-04 23:37:34.340000'), Timestamp('2026-03-04 23:37:35.244000'), Timestamp('2026-03-04 23:37:35.376000'), Timestamp('2026-03-04 23:37:35.638000'), Timestamp('2026-03-04 23:37:35.786000'), Timestamp('2026-03-04 23:37:36.714000'), Timestamp('2026-03-04 23:37:36.857000'), Timestamp('2026-03-04 23:37:37.131000'), Timestamp('2026-03-04 23:37:37.284000'), Timestamp('2026-03-04 23:37:38.284000'), Timestamp('2026-03-04 23:37:38.435000'), Timestamp('2026-03-04 23:37:38.731000'), Timestamp('2026-03-04 23:37:38.901000'), Timestamp('2026-03-04 23:37:39.988000'), Timestamp('2026-03-04 23:37:40.155000')]","[0.128, 0.904, 0.132, 0.262, 0.148, 0.928, 0.143, 0.274, 0.153, 1.0, 0.151, 0.296, 0.17, 1.087, 0.167]","[17.810821974390745, 17.584541062801932, 17.360366252452582, 17.143731823052192, 17.083797750531968, 17.0476676688033, 16.42440243766794, 16.202543183993434, 16.00040001000025, 15.930255597384582, 15.22625049053642, 14.930918379194242, 14.735443377956205, 14.658675264184854, 13.94371545504409, 13.598415765302128]","[2.2797852127220155, 15.896425120772948, 2.291568345323741, 4.491657737639675, 2.5284020670787313, 15.820235596649463, 2.348689548586515, 4.439496832414202, 2.448061201530038, 15.930255597384582, 2.2991638240709995, 4.419551840241495, 2.505025374252555, 15.933980012168936, 2.328600480992363]",95.96089879182826,9.92971191674189,c:\git\RailwAI\VIDEO\20260304\ADTC Rueschlikon_00_20260304233735.mp4,2026-03-04 23:37:35,DTZ,Trieb
